{ "1": [ "AB2_aP12_1_4a_8a","ABC2_aP16_1_4a_4a_8a","A5B11CD8E_aP26_1_5a_11a_a_8a_a" ],"10": [ "A2B_mP6_10_mn_bg","AB3_mP16_10_mn_3m3n","AB_mP6_10_en_am","A_mP8_10_2m2n","ABC2_mP8_10_ac_eh_mn" ],"100": [ "A3B11C6_tP40_100_ac_bc2d_cd","A2B8C2D_tP26_100_c_abcd_c_a","ABC3_tP10_100_b_a_bc","ABC2_tP8_100_b_a_c" ],"101": [ "A7B7C2_tP32_101_bde_ade_d" ],"102": [ "A2B3_tP20_102_2c_b2c" ],"103": [ "AB4_tP10_103_a_d","A6B2C_tP72_103_abc5d_2d_abc" ],"104": [ "AB6C4_tP22_104_a_2ac_c","A5B5C4_tP28_104_ac_ac_c" ],"105": [ "A2BC2_tP20_105_f_ac_2e" ],"106": [ "A3BC3D_tP64_106_3c_c_3c_c" ],"107": [ "A5B7_tI24_107_ac_abd","AB_tI4_107_a_a","ABC3_tI10_107_a_a_ab" ],"108": [ "A3B5_tI32_108_ac_a2c" ],"109": [ "ABC_tI12_109_a_a_a","AB_tI8_109_a_a" ],"11": [ "A_mP16_11_8e","ABC3_mP10_11_e_e_ef","AB_mP4_11_e_e","ABC_mP6_11_e_e_e","A2B5C2_mP18_11_2e_e2f_2e","A3B_mP8_11_3e_e","A7B2C2_mP22_11_3e2f_2e_ab","AB2CD6_mP20_11_e_2e_e_2e2f" ],"110": [ "A2BC8_tI176_110_2b_b_8b" ],"111": [ "AB_tP8_111_n_n","A2B_tP12_111_2n_adf","A2BC4_tP7_111_f_a_n" ],"112": [ "AB4C_tP12_112_b_n_e" ],"113": [ "AB3_tP8_113_a_ce","A2BC7D2_tP24_113_e_a_cef_e","AB4CD2_tP16_113_c_f_a_e" ],"114": [ "A4B_tP10_114_e_a","A3B_tP32_114_3e_e","A19B15_tP68_114_bc4e_ac3e","A2B12C4D4E_tP46_114_d_3e_e_e_a" ],"115": [ "AB2_tP12_115_j_egi","A2B3_tP5_115_g_ag","ABC2_tP4_115_a_c_g" ],"116": [ "A2B3_tP20_116_bci_fj" ],"117": [ "A2B3_tP20_117_i_adgh" ],"118": [ "A5B3_tP32_118_g2i_aceh","A3B_tP16_118_ei_f" ],"119": [ "AB_tI4_119_c_a","A3B_tI24_119_b2i_af","AB2C_tI8_119_c_e_a","A2B7C2_tI44_119_i_bdefgh_i" ],"12": [ "AB3_mC16_12_g_ij","A_mC34_12_ah3i2j","AB2_mC6_12_a_i","A5B2_mC14_12_a2i_i","A_mC4_12_i","A_mC16_12_4i","A7B2C2_mC22_12_aij_h_i","ABC4_mC24_12_i_i_4i","AB2C_mC16_12_g_2i_i","A3BC2_mC24_12_ij_h_gi","A2B12CD6_mC42_12_i_2i2j_a_ij","AB6C11D6E4_mC112_12_e_gi2j_i5j_2i2j_2j","AB6C2D_mC40_12_ad_gh4i_j_bc","A2B2C5D24E8_mC82_12_h_i_agh_2i5j_2j","A13B4_mC34_12_b6i_2i","AB8C4_mC52_12_i_gi3j_2j","AB_mC24_12_3i_3i","A5B2C10D2E2_mC84_12_acghj_bdi_5j_2i_j","A2B3_mC20_12_2i_3i","AB2_mC18_12_ai_3i","A2B_mC12_12_2i_i","A2B_mC6_12_i_a","ABC3_mC20_12_g_i_ij","A8B2CD15E2_mC112_12_2i3j_j_ad_g4i5j_2i","AB6C2_mC18_12_a_3i_i","A3B4_mC14_12_ai_2i","A2B5C2_mC18_12_i_a2i_i","A13B4_mC102_12_dg8i5j_4ij","AB5_mC48_12_2i_ac5i2j" ],"120": [ "A4BC2_tI28_120_i_d_e","AB8C8D_tI72_120_c_2i_2i_b" ],"121": [ "A2BC4D_tI16_121_d_a_i_b","AB3_tI32_121_g_f2i","AB2_tI12_121_ab_i","A2B2C6D_tI44_121_i_i_ij_c","AB3C8_tI24_121_a_bd_2i" ],"122": [ "ABC2_tI16_122_a_b_d","AB2_tI48_122_cd_2e","A2BC2_tI40_122_e_d_e","A8BC4D_tI56_122_2e_b_e_a","A4BC4D_tI40_122_e_b_e_a" ],"123": [ "AB3_tP4_123_a_ce","AB5C_tP7_123_b_ci_a","ABC2_tP4_123_d_a_f","AB_tP2_123_a_d","A4BC4D_tP10_123_gh_a_i_d","A8B2C_tP11_123_r_h_a","A8B2C_tP11_123_r_f_a","A4B2C_tP7_123_j_e_a","A3BC_tP5_123_cg_a_d","AB_tP2_123_a_d.CuTi","AB4C_tP6_123_d_eh_a" ],"124": [ "AB4_tP10_124_a_m","AB4C_tP12_124_a_m_c","AB8C2_tP22_124_a_n_h" ],"125": [ "ABC4_tP12_125_a_b_m","A4B_tP10_125_m_a" ],"126": [ "A2BC4_tP28_126_cd_e_k","ABC4D2E8_tP32_126_a_b_h_e_k","A4B10C2D34E4F9_tP252_126_k_ce2k_f_h8k_k_d2k" ],"127": [ "A2B3_tP10_127_g_ah","A4B_tP20_127_ehj_g","A2BC4D_tP16_127_h_d_i_a","AB2C3D2_tP32_127_g_eh_gk_k" ],"128": [ "A7B2C_tP40_128_egi_h_e","A6B2C_tP18_128_eh_d_a","A3B14C5_tP44_128_ac_ehi_bg","A4BC16DE28F8_tP116_128_h_a_2i_b_g3i_i" ],"129": [ "ABCD_tP8_129_c_b_a_c","AB_tP4_129_c_c","A_tP4_129_ac","AB_tP4_129_a_c","ABC_tP6_129_c_a_c","A2B_tP6_129_ac_c","AB4C6DE_tP26_129_c_j_2ci_a_c","AB4C_tP12_129_c_i_a","A2BC2_tP10_129_ac_c_bc","ABCD_tP8_129_b_c_a_c" ],"13": [ "ABC4_mP12_13_e_a_2g","A_mP84_13_21g","A2B_mP12_13_2g_ef","AB4C_mP12_13_f_2g_e","A8B23_mP62_13_4g_c11g" ],"130": [ "A2BC4_tP28_130_f_c_g","A5B3_tP32_130_cg_cf","A3B_tP16_130_cf_c","A18B10C_tP116_130_2c4g_2c2g_a" ],"131": [ "AB_tP4_131_c_e" ],"132": [ "A2B2C4D_tP18_132_e_i_o_d","AB6C_tP16_132_d_io_a" ],"133": [ "AB3_tP32_133_h_i2j" ],"134": [ "A_tP50_134_b2m2n" ],"135": [ "A2B_tP24_135_gh_h","A4B2C_tP28_135_gh_h_d" ],"136": [ "A_tP30_136_bf2ij","A2B_tP6_136_f_a","A_tP4_136_f","AB_tP8_136_g_f","A4B2C_tP14_136_i_g_b","A4BC4D2E2_tP26_136_fg_a_j_d_e","A2B3_tP20_136_j_dfg","AB14C2_tP68_136_f_ce2j2k_fg" ],"137": [ "AB2_tP6_137_a_d","A2B_tP6_137_d_a","A4BC4_tP18_137_g_b_g","A2B3_tP40_137_cdf_3g" ],"138": [ "A_tP16_138_j","A_tP12_138_bi" ],"139": [ "A3B_tI16_139_cde_e","AB2_tI6_139_a_e","A4B_tI10_139_de_a","A_tI4_139_e","A3B_tI8_139_bd_a","A_tI2_139_a.In","A_tI8_139_h","A8B_tI18_139_hi_a","A_tI2_139_a.alpha-Pa","AB2C4_tI14_139_a_e_ce","A2B_tI6_139_d_a","A4B5_tI18_139_i_ah","A12B_tI26_139_fij_a","AB_tI8_139_e_e","A6B2C3D_tI168_139_egikl2m_ejn_bh2n_acf","A2B2C_tI10_139_d_e_a.TlCo2S2","AB2C2_tI10_139_a_d_e","A8B_tI18_139_deh_a","A7B3C2_tI24_139_aeg_be_e","A2B_tI6_139_e_a","AB3C_tI20_139_ab_eh_d","A4B2C2D_tI18_139_h_d_e_a","A10B4C3_tI34_139_c2eg_2e_ae","A2B3_tI10_139_e_ae","A2B2C_tI10_139_d_e_a","AB2C2_tI10_139_a_d_e.Li2CN2","A4B2C_tI14_139_ce_e_a","AB_tI4_139_b_a" ],"14": [ "A2B_mP12_14_2e_e","A_mP64_14_16e","A_mP32_14_8e","A2B_mP6_14_e_a","A7B8_mP120_14_14e_16e","A11B3_mP56_14_11e_3e","AB4C_mP24_14_e_4e_e","AB_mP16_14_2e_2e","ABC4_mP24_14_e_e_4e","A6B4C2D6E2FG6_mP54_14_3e_2e_e_3e_e_a_3e","AB4C2D_mP32_14_e_4e_2e_e","A7B2C_mP40_14_7e_2e_e","AB4C_mP24_14_e_4e_e.K41","ABCD_mP16_14_e_e_e_e","A2B5C4_mP22_14_e_c2e_2e","AB3_mP16_14_e_3e.beta","AB3_mP16_14_e_3e","A2B3C2_mP14_14_e_ae_e","A3B_mP32_14_6e_2e","AB_mP16_14_2e_2e.ICl","A4BC_mP24_14_4e_e_e","A2B4C_mP28_14_abe_4e_e","AB20C2D14E2_mP78_14_a_10e_e_7e_e","A2B3_mP20_14_2e_3e","ABC_mP12_14_e_e_e","AB6C3_mP20_14_a_3e_de","ABCD3_mP24_14_e_e_e_3e","A4B2C4D_mP22_14_2e_e_2e_a","A3BC_mP20_14_3e_e_e","A9B2_mP22_14_a4e_e","ABC2_mP16_14_e_e_2e.KNO2","A4BCD_mP28_14_4e_e_e_e","AB3C_mP60_14_3e_9e_3e","A8B2CD12E2_mP100_14_8e_2e_ad_12e_2e","AB_mP32_14_4e_4e.pararealgar","AB_mP24_14_3e_3e","AB_mP32_14_4e_4e.realgar","AB4C_mP24_14_ab_4e_e","A2B3C2D8_mP30_14_e_ce_e_4e","A2B5C_mP32_14_2e_5e_ab","ABC2_mP16_14_e_e_2e","AB6C2D_mP20_14_a_3e_e_d","A2B5C_mP32_14_2e_5e_e" ],"140": [ "AB3_tI16_140_b_ah","AB_tI16_140_ab_h","A2B_tI12_140_h_a","A3B5_tI32_140_ah_bk","A3B5_tI32_140_ah_cl","A5BC2_tI32_140_bl_a_h","A5BC3_tI36_140_cl_b_ah","A2BC_tI16_140_h_d_a","A31B20_tI204_140_b2gh3m_ac2fh3l","AB6_tI28_140_a_hk","A2BC4_tI28_140_h_a_k" ],"141": [ "AB_tI8_141_a_b","A3B4_tI28_141_ad_h","A_tI4_141_a","A4BC_tI24_141_h_b_a","A2B_tI12_141_e_a","A2B3_tI80_141_ceh_3h","A2B_tI24_141_2e_e","AB_tI16_141_e_e","A2B_tI12_141_e_a.ThSi2","AB11_tI48_141_a_bdi" ],"142": [ "ABC4_tI96_142_e_ab_2g","A_tI16_142_f","A2B2C3D12E4_tI184_142_f_f_be_3g_g","A2B3_tI160_142_deg_3g" ],"143": [ "A4B14C3_hP21_143_bd_ac4d_d","AB2_hP12_143_cd_ab2d","A4B6C_hP11_143_bd_2d_a","AB3C9D_hP28_143_2a_2d_6d_bc" ],"144": [ "AB_hP6_144_a_a","A4B_hP15_144_4a_a","AB3C_hP45_144_3a_9a_3a" ],"145": [ "A2B3C3DE7_hP48_145_2a_3a_3a_a_7a" ],"146": [ "ABC3_hR10_146_2a_2a_2b","A3BC_hR5_146_b_a_a" ],"147": [ "A2B_hP9_147_g_ad","A2B3C_hP12_147_abd_g_d" ],"148": [ "AB3_hR8_148_c_f","AB_hR16_148_cf_cf","AB3C_hR10_148_c_f_c","AB_hR26_148_b2f_a2f","A2B4C_hR42_148_2f_4f_f","A2B_hR18_148_2f_f","A8B6C_hR15_148_cf_f_a","A6B6CD_hR14_148_f_f_b_a","A6B2C6D_hR15_148_f_c_f_a","A2BCD6_hR10_148_c_a_b_f" ],"149": [ "AB3_hP24_149_acgi_3l" ],"15": [ "ABC6D2_mC40_15_e_e_3f_f","A2B5_mC28_15_f_e2f","A2B_mC48_15_ae3f_2f","AB_mC8_15_c_e","AB3_mC16_15_e_cf","A_mC24_15_2e2f","A2B4C2D17E6_mC124_15_f_2f_f_e8f_3f","A2B3C9D3E_mC144_15_2f_bcdef_9f_3f_ae","A7B2C2_mC44_15_e3f_f_f","AB4C6D_mC48_15_e_2f_3f_e","AB5CD_mC32_15_e_e2f_e_b","A2B3C_mC48_15_aef_3f_2e","A2B_mC12_15_f_e","A2BC4D2_mC36_15_f_e_2f_f","A2B5_mC28_15_f_e2f.Nb2O5","A2B_mC24_15_2f_ce","A3B16C20D3_mC168_15_ef_8f_10f_ef","A2BC10D2E4_mC76_15_f_e_5f_f_2f","A3B5C4D2_mC112_15_a3ef_5f_4f_2f","AB4C4D4E_mC56_15_e_2f_2f_2f_a","AB5CD2_mC72_15_f_5f_f_2f","A8B2CD12E2_mC200_15_8f_2f_ce_2e11f_2f","ABC2_mC16_15_e_e_f","ABC6D2_mC40_15_e_e_3f_f.S4_1","A2BCD12E3_mC76_15_f_e_b_6f_ef","A2B2C_mC20_15_ad_f_e","A_mC4_15_e","AB5C2_mC32_15_e_e2f_f","A5BC2_mC64_15_5f_f_2f" ],"150": [ "A2B_hP9_150_ef_bd","AB2CD6_hP30_150_e_c2d_f_3g","A2B9C3_hP14_150_d_eg_ad","A2B12C6D_hP21_150_d_2g_ef_a","AB3C_hP30_150_ef_3g_c2d","ABC8D2_hP12_150_b_a_dg_d" ],"151": [ "A3B_hP24_151_3c_2a" ],"152": [ "A_hP3_152_a","A2B_hP9_152_c_a" ],"153": [ "A3B_hP24_153_3c_2b" ],"154": [ "AB_hP6_154_a_b","A_hP9_154_bc" ],"155": [ "AB3_hR8_155_c_de","A3B2_hR5_155_e_c","AB2C2DE3_hR9_155_b_c_c_a_e" ],"156": [ "AB_hP12_156_2ab3c_2ab3c","AB_hP4_156_ab_ab","AB2_hP9_156_b2c_3a2bc" ],"157": [ "A5B6C2_hP13_157_2ac_2c_b" ],"158": [ "A3B_hP8_158_d_a" ],"159": [ "A4B3_hP28_159_ab2c_2c","A2B3_hP20_159_bc_2c","AB4C7D_hP26_159_b_ac_a2c_b" ],"16": [ "ABC4_oP12_16_ag_cd_2u" ],"160": [ "AB_hR6_160_b_b","AB_hR6_160_3a_3a","A8B5_hR26_160_a3bc_a3b","ABC_hR3_160_a_a_a","A3B_hR4_160_b_a","AB_hR10_160_5a_5a","AB3C2D_hR7_160_a_b_2a_a","ABC3_hR5_160_a_a_b","A3B24C_hR28_160_b_2b3c_a","AB4C8_hR13_160_a_ab_2a2b","ABC3_hR5_160_a_a_b.KBrO3","A3B7C_hR11_160_b_a2b_a" ],"161": [ "ABC3_hR10_161_a_a_b","A2BC4_hR42_161_2b_b_4b" ],"162": [ "AB2_hP9_162_ad_k","A6BC2_hP9_162_k_a_d","A2B6C_hP9_162_d_k_a" ],"163": [ "AB2CD2_hP36_163_h_i_bf_i","ABC6D_hP18_163_d_b_i_c","A6BC_hP16_163_i_b_c" ],"164": [ "AB2_hP3_164_a_d","A3B2_hP5_164_ad_d","ABC2_hP4_164_a_b_d","A2B3_hP5_164_d_ad","AB2_hP9_164_bd_c2d","A2B2C_hP5_164_d_d_a","A2BC6_hP9_164_d_a_i","AB3_hP4_164_b_ad","A6B2C_hP9_164_i_d_a","A2BC2_hP5_164_d_a_d","A6BC2_hP9_164_i_a_d","AB2C3_hP12_164_d_ae_i","AB_hP12_164_c2d_c2d","A16B2C_hP19_164_2d2i_d_b" ],"165": [ "A3B_hP24_165_adg_f","A3B_hP24_165_bdg_f" ],"166": [ "A_hR105_166_bc9h4i","A5B2_hR7_166_a2c_c","ABC2_hR4_166_a_b_c","A_hR1_166_a.alpha-Hg","A_hR2_166_c.C","A_hR2_166_c.beta-O","A2B3_hR5_166_c_ac","A7B6_hR13_166_ah_3c","A6B_hR7_166_g_a","A_hR3_166_ac","A_hR2_166_c.alpha-As","A_hR12_166_2h","A_hR1_166_a.beta-Po","AB_hR2_166_a_b","ABC_hR6_166_c_c_c","A4B3_hR7_166_2c_ac","AB4C2_hR28_166_2c_2c2h_abh","A5B21C24D12_hR62_166_a2c_ehi_fg2h_i","AB4C_hR6_166_b_2c_a","ABC6_hR8_166_a_b_h","A13B2_hR15_166_b2h_c","AB7_hR16_166_c_c2h","AB4C2_hR7_166_a_2c_c","ABC2_hR4_166_a_b_c.CuFeO2","AB2_hR6_166_c_2c","A2BC4_hR7_166_c_a_2c","AB_hR2_166_a_b.KSH","A3B2C2_hR7_166_d_ab_c" ],"167": [ "ABC3_hR10_167_a_b_e.CaCO3","A2B3_hR10_167_c_e","ABC3_hR10_167_a_b_e.LiNbO3","AB3C_hR10_167_b_e_a","ABC2_hR24_167_e_e_2e","A2BC4_hR42_167_f_ac_2f","A6BC3D_hR22_167_f_b_e_a","A3B_hR8_167_e_b","A3BC6_hR20_167_e_b_f","A9B3C2_hR28_167_ef_e_c","A25B21_hR92_167_b2e3f_e3f" ],"168": [ "A2B13C4_hP57_168_d_c6d_2d","AB4C_hP72_168_2d_8d_2d" ],"169": [ "A2B3_hP30_169_2a_3a" ],"17": [ "A2B_oP12_17_abe_e","ABC3_oP40_17_abcd_2e_abcd4e" ],"170": [ "A2B3_hP30_170_2a_3a" ],"171": [ "A10B2C_hP39_171_5c_c_a" ],"172": [ "A10B2C_hP39_172_5c_c_a" ],"173": [ "A4B3_hP14_173_bc_c","A3B_hP8_173_c_b","ABC3_hP10_173_b_a_c","ABC4D_hP14_173_a_b_bc_b","A3BCD3E15F3_hP52_173_c_b_b_c_5c_c","AB3C9D_hP28_173_a_c_3c_b","AB3C7D_hP24_173_a_c_b2c_b" ],"174": [ "A12B7C2_hP21_174_2j2k_ajk_cf","ABC_hP12_174_cj_fk_aj" ],"175": [ "ABC_hP36_175_jk_jk_jk","A8B7C6_hP21_175_ck_aj_k" ],"176": [ "A3B3C_hP14_176_h_h_c","A3B_hP8_176_h_c","A3B2_hP10_176_h_bc","A5BC12D3_hP42_176_fh_a_2hi_h","A9B2C9_hP40_176_hi_f_hi","A4B3_hP14_176_ch_h","A9B3C2_hP28_176_hi_af_f","A3B2_hP20_176_2h_ah","A10B7_hP34_176_c3h_b2h" ],"177": [ "A2B_hP36_177_j2lm_n" ],"178": [ "AB3_hP24_178_b_ac","A_hP6_178_a" ],"179": [ "AB3_hP24_179_b_ac" ],"18": [ "AB3_oP16_18_ab_3c","AB12C5D2_oP40_18_a_6c_b2c_c","A2B_oP12_18_2c_c" ],"180": [ "AB2_hP9_180_d_j","A2B_hP9_180_j_c","A2B_hP18_180_fi_bd","A2BCD2_hP18_180_f_c_b_i" ],"181": [ "A2B_hP9_181_j_c" ],"182": [ "AB3_hP8_182_c_g","A2BC6_hP18_182_f_b_gh","ABC3_hP10_182_c_b_g" ],"183": [ "AB_hP6_183_c_ab","ABC_hP3_183_a_a_a" ],"184": [ "AB4C_hP72_184_d_4d_d" ],"185": [ "A3BC_hP30_185_cd_c_ab","AB3_hP24_185_c_ab2c","A3B_hP8_185_c_a","A3B_hP24_185_ab2c_c" ],"186": [ "A_hP4_186_ab","AB_hP4_186_b_a","AB_hP12_186_a2b_a2b","AB_hP4_186_b_b","A5B3C_hP18_186_2a3b_2ab_b","AB_hP8_186_ab_ab","A3B7_hP20_186_c_b2c","A3B9CD9_hP44_186_c_3c_b_cd","A4BC7D_hP26_186_ac_b_a2c_b","A3B8C2_hP26_186_c_ab2c_2b","AB2_hP6_186_b_ab","AB6CD7_hP30_186_b_d_a_b2c","ABCD_hP8_186_b_b_a_a" ],"187": [ "AB_hP2_187_d_a","ABC_hP3_187_a_d_f","AB3_hP4_187_e_fh","A3B3C2_hP16_187_jk_jk_ck","A7B_hP24_187_ai2j2kn_j" ],"188": [ "AB9C4_hP28_188_e_kl_ak","A3BC_hP10_188_k_c_a" ],"189": [ "A2B_hP9_189_fg_bc","A8BC3D6_hP18_189_bfh_a_g_i","A9BC3D5_hP18_189_fi_a_g_bh","ABC_hP9_189_g_ad_f" ],"19": [ "A2B_oP12_19_2a_a","AB3_oP16_19_a_3a","A14BC11D_oP108_19_14a_a_11a_a","A2B2C_oP20_19_2a_2a_a","AB_oP16_19_2a_2a","AB4C_oP24_19_a_4a_a","A6BC4D_oP48_19_6a_a_4a_a","AB2C_oP80_19_5a_10a_5a" ],"190": [ "A5B3_hP16_190_bdh_g","A2B_hP18_190_gh_bf","AB_hP24_190_i_afh","ABCD3_hP36_190_h_g_af_hi","AB3C_hP20_190_ac_i_f" ],"191": [ "A3B_hP4_191_bc_a","AB_hP6_191_f_ad","A2B_hP6_191_h_e","AB4C_hP6_191_a_h_b","AB2_hP3_191_a_d","A_hP1_191_a","AB5_hP6_191_a_cg","A12B_hP13_191_cdei_a","A3B_hP12_191_gl_f" ],"192": [ "AB2_hP72_192_m_j2kl","A2B3C18D6_hP58_192_c_f_lm_l" ],"193": [ "A5B3_hP16_193_dg_g","A4B5_hP18_193_bg_dg","A3B_hP24_193_ack_g" ],"194": [ "AB2_hP6_194_c_f","A3B_hP8_194_h_c","AB2_hP12_194_f_ah","AB_hP12_194_af_bf","A_hP6_194_h","ABC_hP6_194_c_d_a","A2B_hP12_194_cg_f","AB_hP4_194_c_a","A_hP2_194_c","AB2_hP6_194_b_f","AB2_hP24_194_ef_fgh","AB3C4_hP16_194_c_af_ef","AB_hP8_194_ad_f","ABC2_hP8_194_d_a_f","A_hP4_194_bc","AB3_hP8_194_c_bf","A_hP4_194_f","A5B2_hP14_194_abdf_f","AB2_hP6_194_c_ad","A_hP4_194_ac","AB_hP12_194_df_ce","AB_hP4_194_c_d","A9B3C_hP26_194_hk_h_a","A5B2_hP28_194_ahk_ch","A3B_hP16_194_gh_ac","A2B3_hP60_194_3fk_cdef2k","AB2C2_hP10_194_a_f_f","AB_hP4_194_c_a.Fe2N","AB_hP4_194_a_c","AB3C2_hP24_194_f_k_bh","A9B2C3_hP28_194_hk_f_bf","A10B_hP22_194_bhj_c","A2B3_hP10_194_f_bf","A12B19C_hP64_194_ab2fk_efh2k_d","A3B2C9D3E_hP36_194_g_f_hk_h_a","A3B_hP8_194_af_c","ABC2_hP8_194_a_c_f","AB2C2_hP10_194_a_bc_f" ],"195": [ "A12BC4_cP34_195_2j_ab_2e" ],"196": [ "A12B2C_cF60_196_h_bc_a" ],"197": [ "A4B_cI40_197_cde_c" ],"198": [ "A3B_cP16_198_b_a","AB_cP8_198_a_a.FeSi","AB_cP8_198_a_a.alpha-CO","ABC_cP12_198_a_a_a","A_cP8_198_2a","ABC3_cP20_198_a_a_b","A2B4C_cP56_198_ab_2a2b_2a","AB2C4D_cP32_198_a_2a_ab_a","ABC4D_cP28_198_a_a_ab_a" ],"199": [ "AB_cI16_199_a_a","AB2_cI36_199_b_c" ],"2": [ "A2B_aP6_2_2i_i","A_aP4_2_aci","A2B_aP6_2_aei_i","A12B2CD12_aP54_2_12i_2i_i_12i","A2B2C5_aP18_2_2i_2i_5i","A2B5C_aP32_2_4i_10i_2i","A3B_aP32_2_12i_4i","ABC8D3_aP26_2_i_i_8i_3i","A2B7C2_aP44_2_4i_14i_4i","AB10C9D_aP42_2_ae_10i_9i_i","A3B2C10D3_aP36_2_ah2i_2i_10i_3i","AB3C_aP30_2_3i_9i_3i","AB_aP16_2_4i_4i","AB3C3_aP28_2_2i_6i_6i" ],"20": [ "A2B_oC24_20_abc_c","AB4C_oC24_20_b_2c_a","AB5C2_oC32_20_b_a2bc_c","AB3_oC16_20_a_bc" ],"200": [ "A2B11_cP39_200_f_aghij" ],"201": [ "AB3C_cP60_201_be_fh_g","A3B11C3_cP68_201_be_efh_g" ],"202": [ "A_cF240_202_h2i","A6B6C_cF104_202_h_h_c","AB3C6D12_cF88_202_a_bc_e_h" ],"203": [ "AB3C16_cF160_203_a_bc_eg","A2BCD3E6_cF208_203_e_c_d_f_g","A4B2C6D16E_cF232_203_e_d_f_eg_a" ],"204": [ "A3B_cI32_204_g_c","A12B_cI26_204_g_a","AB32C48_cI162_204_a_2efg_2gh","A7BC12_cI40_204_bc_a_g","A4BC12_cI34_204_c_a_g","AB2_cI36_204_d_g" ],"205": [ "A_cP8_205_c","AB_cP16_205_c_c","AB2_cP12_205_a_c","A_cP240_205_10d","A2B3C6_cP264_205_2d_ab2c2d_6d","A2BC4_cP84_205_d_ac_2d","A2B6C6D_cP60_205_c_d_d_a","A4B_cP40_205_cd_c","AB12CD8E2_cP96_205_a_2d_b_cd_c","AB2C36D2E20F2_cP252_205_a_c_6d_c_c3d_c","A7B2C_cP40_205_bd_c_a","AB24CD20E2_cP192_205_a_4d_b_c3d_c","A2B6C_cP36_205_c_d_a","A2B6CD6_cP60_205_c_d_a_d","A6BC_cP32_205_d_b_a","AB24CD28E2_cP224_205_a_4d_b_2c4d_c" ],"206": [ "AB3C6_cI80_206_b_d_e","A_cI16_206_c","AB3C2_cI96_206_c_e_ad" ],"207": [ "A17B15_cP64_207_acfk_eij" ],"208": [ "A6B2CD6E_cP64_208_m_ad_b_m_c","A3B_cP16_208_j_b" ],"209": [ "A24BC_cF104_209_j_a_b" ],"21": [ "AB2_oC6_21_a_k","AB2_oC6_21_a_k.HoSb2" ],"210": [ "A12B36CD12_cF488_210_h_3h_a_fg","A12B6C_cF608_210_4h_2h_e" ],"211": [ "A2B_cI72_211_hi_i" ],"212": [ "A2B_cP12_212_c_a","A2B3_cP60_212_bcd_ace" ],"213": [ "A_cP20_213_cd","A3B2_cP20_213_d_c","A2BC3_cP24_213_c_a_d" ],"214": [ "A3B3C_cI56_214_g_h_a","A3BC2_cI48_214_f_a_e" ],"215": [ "AB3C4_cP8_215_a_c_e","AB4_cP5_215_a_e","A3B4C_cP8_215_d_e_a","A4B9_cP52_215_ei_3efgi" ],"216": [ "ABC_cF12_216_b_c_a","AB5_cF24_216_a_ce","AB_cF8_216_c_a","ABCD_cF16_216_c_d_b_a","AB_cF40_216_de_ce","AB2C_cF16_216_b_ad_c","A16B40C12D6E5_cF316_216_eh_e2g2h_h_f_be","A13BC18D20E5_cF228_216_dh_b_fh_2eh_ce","AB4C8_cF52_216_a_e_2e","A45B11_cF448_216_bd4efg5h_ac2eh","ABC4_cF24_216_b_a_e" ],"217": [ "A_cI58_217_ac2g","A4B_cI10_217_c_a","A5B8_cI52_217_ce_cg","AB_cI16_217_c_c","A4B24C13_cI82_217_c_deg_ag" ],"218": [ "A3B4C_cP16_218_c_e_a","A3B4C4D4E16F4G3_cP76_218_c_e_e_e_ei_e_d","A3BC4D12E3_cP46_218_d_a_e_i_c" ],"219": [ "A7BC3D13_cF192_219_de_b_c_ah" ],"22": [ "AB_oF8_22_a_c","A2BC2_oF40_22_fi_ad_gh","A2B7C2_oF88_22_k_bdefghij_k" ],"220": [ "A3B2_cI40_220_d_c","A_cI16_220_c","A15B4_cI76_220_ae_c","A4B3_cI28_220_c_a","AB_cI24_220_a_b","A4B12C3_cI76_220_c_e_a","A7B12C19_cI152_220_bc_2d_ace","AB9C3_cI208_220_c_3e_e" ],"221": [ "AB_cP6_221_c_d","AB_cP2_221_b_a","AB11_cP36_221_c_agij","A6B_cP7_221_f_a","AB3_cP4_221_a_c","AB11CD3_cP16_221_a_dg_b_c","A_cP1_221_a","AB3C_cP5_221_a_c_b","AB27CD3_cP32_221_a_dij_b_c","A3B_cP4_221_d_a","A2B3C6_cP33_221_cd_ag_fh","AB_cP2_221_a_b.NH4.NO3","AB12C_cP14_221_a_h_b","A4B_cP5_221_bc_a" ],"222": [ "A5B3C16_cP96_222_ce_d_fi" ],"223": [ "A_cP46_223_dik","A3B_cP8_223_c_a" ],"224": [ "A2B_cP6_224_b_a","A27B52CD12_cP184_224_dl_eh3k_a_k","A3B2_cP10_224_d_b","A3B40CD12_cP112_224_d_e3k_a_k","A5B40CD12_cP116_224_cd_e3k_a_k" ],"225": [ "A12B_cF52_225_i_a","AB18C8_cF108_225_a_eh_f","A7B_cF32_225_bd_a","AB3_cF16_225_a_bc","A_cF4_225_a","AB_cF8_225_a_b","A9B16C7_cF128_225_acd_2f_be","AB2_cF12_225_a_c","A6B23_cF116_225_e_acfh","AB2C_cF16_225_a_c_b","A23B6_cF116_225_bd2f_e","A6B2C_cF36_225_e_c_a","AB7_cF32_225_b_ad","A9B8_cF68_225_af_ce","A2BC6D_cF40_225_c_a_e_b","A10B_cF44_225_cf_b","ABC6D8E2_cF72_225_b_a_e_f_c","AB30C16D3_cF200_225_a_ej_2f_bc","A6B9CD2E6_cF96_225_e_bf_a_c_e" ],"226": [ "AB13_cF112_226_a_bi" ],"227": [ "AB2_cF96_227_e_cf","AB3C3_cF112_227_c_de_f","A2BC4_cF56_227_d_a_e","A2B_cF24_227_d_a","AB2_cF48_227_c_e","AB_cF16_227_a_b","A2B_cF24_227_c_a","A_cF8_227_a","A_cF136_227_aeg","A2B2C7_cF88_227_c_d_af","A3B4_cF56_227_ad_e","A22B_cF184_227_cdfg_a","A16B2C_cF152_227_eg_d_a","A11B4_cF120_227_acdf_e","AB_cF32_227_c_d","A3B2_cF80_227_f_e","A29B40CD12_cF656_227_ae2fg_e3g_b_g","A2BCD3E6_cF208_227_e_c_d_f_g","A4B2C6D16E_cF232_227_e_d_f_eg_a","A2B_cF96_227_abf_cd","A18B2C3_cF184_227_fg_d_ac" ],"228": [ "A5BCD6_cF416_228_eg_c_b_h","A6B_cF224_228_h_c" ],"229": [ "A_cI2_229_a","A2B7_cI54_229_e_afh","AB4C3_cI16_229_a_c_b","A4B3_cI14_229_c_b","A3B_cI8_229_b_a","AB12C3_cI32_229_a_h_b","A4B_cI10_229_c_a","A3B10_cI52_229_e_fh","A7B3_cI40_229_df_e","A21B_cI44_229_bdh_a" ],"23": [ "A3B_oI32_23_ij2k_k","ABC4_oI12_23_a_b_k","A8B2C12D2E_oI50_23_bcfk_i_3k_j_a","ABC2_oI16_23_ab_i_k" ],"230": [ "A4B3_cI112_230_af_g","A2B3C12D3_cI160_230_a_c_h_d","A2B3C12D12_cI232_230_a_c_h_h" ],"24": [ "AB7CD2_oI44_24_a_b3d_c_ac" ],"25": [ "AB_oP2_25_b_a" ],"26": [ "A2B_oP12_26_abc_ab.H2S","A2B_oP12_26_abc_ab.SeO2","A5B_oP24_26_3a3b2c_ab" ],"27": [ "A6B4C16D_oP108_27_abcd4e_4e_16e_e" ],"28": [ "AB2_oP24_28_acd_2c3d" ],"29": [ "A2B_oP12_29_2a_a","ABC_oP12_29_a_a_a","AB2_oP12_29_a_2a","AB6_oP28_29_a_6a","ABC30DE20F2_oP220_29_a_a_30a_a_20a_2a" ],"3": [ "A2B_mP12_3_bc3e_2e" ],"30": [ "A5B3C15_oP46_30_a2c_bc_a7c","ABC3_oP20_30_2a_c_3c" ],"31": [ "AB3C4_oP16_31_a_ab_2ab","A5B2_oP14_31_a2b_b","A2B6CD8_oP34_31_2a_2a2b_a_4a2b","A4B7C_oP24_31_2b_a3b_a","A13B4_oP102_31_17a11b_8a2b" ],"32": [ "A13B2C2_oP34_32_a6c_c_c","A17B47_oP128_32_a8c_a23c" ],"33": [ "AB3C4_oP32_33_a_3a_4a","AB_oP8_33_a_a","A2B3_oP40_33_4a_6a","A2B7C2_oP44_33_2a_7a_2a","A4BCD6_oP48_33_4a_a_a_6a","A2B_oP24_33_4a_2a","A2BC4_oP84_33_6a_3a_12a","ABC2_oP16_33_a_a_2a","ABC3_oP20_33_a_a_3a" ],"34": [ "AB2_oP6_34_a_c","A2B8C_oP22_34_c_4c_a","A2BC2_oP10_34_c_a_c" ],"35": [ "AB8C2_oC22_35_a_ab3e_e" ],"36": [ "A2B_oC12_36_2a_a","AB_oC8_36_a_a","AB2_oC12_36_a_2a","A3B2_oC80_36_4a4b_2a3b","A2BC5_oC32_36_b_a_a2b","A2BC2_oC20_36_b_a_b","ABC3_oC80_36_2ab_2ab_2a5b","A4B7C2D2_oC60_36_2b_a3b_2a_b" ],"37": [ "A2B5C2_oC36_37_d_c2d_d" ],"38": [ "A2B_oC12_38_de_ab","A2BC_oC8_38_e_a_b","A3B13_oC32_38_ac_a2bcdef","A3B5_oC32_38_abce_abcdf","ABC6D15_oC46_38_b_b_2a2d_2ab4d2e" ],"39": [ "A9BC_oC44_39_3c3d_a_c","A2B3_oC40_39_2d_2c2d" ],"4": [ "A_mP4_4_2a","A11B2C2_mP60_4_22a_4a_4a","A2B2C5D_mP20_4_2a_2a_5a_a","A3B6C_mP20_4_3a_6a_a" ],"40": [ "AB2C_oC16_40_a_2b_b","AB3_oC16_40_b_3b","AB3_oC16_40_b_a2b","A2B7C2_oC88_40_abc_2b6c_a3b" ],"41": [ "AB4_oC20_41_a_2b","AB2_oC24_41_2a_2b","A5B8CD12_oC104_41_a2b_4b_a_6b" ],"42": [ "AB_oF8_42_a_a","A10B3_oF52_42_2abce_ab" ],"43": [ "AB2_oF72_43_ab_3b","A3B2_oF40_43_ab_b","A2B4C2D12E3_oF184_43_b_2b_b_6b_ab","A2B_oF24_43_b_a","A2B7C2_oF88_43_b_a3b_b","A2BC4D_oF64_43_b_a_2b_a","A2B3_oF40_43_b_ab" ],"44": [ "AB_oI4_44_a_b","A2B5CD2_oI40_44_2c_abcde_d_e","ABC2_oI8_44_a_a_c","AB_oI48_44_6d_ab2cde","ABC2_oI8_44_a_a_d" ],"45": [ "A2BC2_oI20_45_c_b_c" ],"46": [ "ABC_oI36_46_ac_bc_3b","A2B17C6_oI100_46_ab_b8c_3c" ],"47": [ "A2B3C7D_oP13_47_t_aq_eqrs_h" ],"48": [ "A2B8CD_oP24_48_k_2m_d_b" ],"49": [ "A5B2_oP14_49_dehq_ab","AB2C8D_oP24_49_g_q_2qr_e" ],"5": [ "A_mC12_5_3c","A2B2C9D2_mC90_5_ab2c_3c_b13c_3c","AB3_mC16_5_c_3c","A2B_mC12_5_2c_c","AB6C18D4E2_mC62_5_a_2b2c_9c_2c_c","ABC3_mC10_5_b_a_ac" ],"50": [ "A3BC2_oP48_50_3m_m_2m","A2BC4_oP28_50_ij_ac_ijm" ],"51": [ "AB_oP4_51_e_f","ABC6D15_oP46_51_f_d_2e2i_aef4i2j","AB2C_oP8_51_e_be_f" ],"52": [ "A2B_oP24_52_2e_cd","A3B2_oP20_52_de_cd","A3B12CDE6_oP276_52_d4e_18e_ce_de_2d8e" ],"53": [ "ABC3_oP20_53_e_g_hi","ABC2_oP16_53_h_e_gh","A2BC_oP16_53_eh_ab_g","A2BC4D2_oP18_53_h_a_i_e" ],"54": [ "ABC3_oP20_54_e_d_cf" ],"55": [ "A_oP16_55_2g2h","A3B5_oP16_55_ch_agh","A2B_oP24_55_2g2h_gh","A2B3C8_oP26_55_h_ag_2g2h","AB2C5_oP32_55_g_fh_eghi","A8B11_oP38_55_g3h_a3g2h","A4BCD2_oP32_55_ghi_f_e_gh","A10B3C4_oP68_55_2e2fgh2i_adef_2e2f" ],"56": [ "A3B2_oP20_56_ce_e","A2BC4_oP56_56_2e_e_4e" ],"57": [ "AB_oP8_57_d_d","ABCD_oP16_57_d_c_d_d","A4BC_oP24_57_cde_d_a","A3B_oP16_57_a2d_d","ABC3_oP40_57_cd_e_cd2e" ],"58": [ "AB2_oP6_58_a_g.CaCl2","AB2_oP6_58_a_g.FeS2","AB2_oP6_58_a_g.eta-Fe2C","A2B_oP6_58_g_a","A2B5C_oP32_58_eg_3gh_g","ABC5D2_oP36_58_g_g_3gh_eg","AB_oP8_58_g_g","A2B3C6_oP22_58_g_af_gh","A4B3_oP28_58_4g_3g","A2B7C24D8_oP82_58_g_ae2f_2g5h_2h" ],"59": [ "AB_oP4_59_a_b","A3B_oP8_59_bf_a","ABC_oP6_59_a_a_a","ABC_oP6_59_a_b_a","A2B_oP6_59_f_a","A4B2C3_oP18_59_ef_ab_af","A5B2_oP14_59_a2f_f" ],"6": [ "A8B5_mP13_6_a7b_3a2b","AB_mP4_6_2b_2a","A5B11_mP16_6_2abc_2a3b3c" ],"60": [ "A7B8_oP120_60_7d_8d","A3B_oP32_60_3d_d","A2B3_oP20_60_d_cd","A5B12_oP68_60_c2d_6d","A2B_oP12_60_d_c","A2B_oP12_60_d_c.Fe2N","A2BC4_oP28_60_d_c_2d","AB2C6_oP36_60_c_d_3d" ],"61": [ "AB_oP16_61_c_c","A2B_oP24_61_2c_c","AB_oP48_61_3c_3c","A2B_oP24_61_2c_c.TeO2","AB2CD4_oP64_61_c_2c_c_4c","A7BCD_oP80_61_7c_c_c_c","AB3C_oP80_61_2c_6c_2c","A2B4C_oP28_61_c_2c_a","ABC_oP24_61_c_c_c" ],"62": [ "AB_oP8_62_c_c.MnP","A2B_oP12_62_2c_c.PbCl2","AB_oP8_62_c_c.SnS","AB2C_oP16_62_c_2c_c","A_oP8_62_2c","AB3C_oP20_62_c_cd_a","A3B2_oP20_62_3c_2c","A3B7_oP40_62_cd_3c2d","AB_oP8_62_c_c.FeB","A4B_oP20_62_2cd_c","AB_oP8_62_c_c.GeS","A2B_oP12_62_2c_c.Co2Si","A2B_oP12_62_2c_c.HgCl2","AB3_oP16_62_c_cd","AB3_oP16_62_c_3c","A2B3_oP20_62_2c_3c","AB4C_oP24_62_c_2cd_c","A2B_oP12_62_2c_c.SrH2","A2B4C_oP28_62_ac_2cd_c","A3B_oP16_62_cd_c","AB_oP8_62_c_c.FeAs","AB2C3_oP24_62_c_d_cd","A4BC2D_oP32_62_2cd_c_d_c","A3B_oP16_62_3c_c","A2B_oP12_62_2c_c.SrBr2","ABCD_oP16_62_c_c_c_c","A8B4C4DE8F2_oP108_62_4c2d_2d_2cd_c_4c2d_d","AB4C_oP24_62_a_2cd_c","AB3C_oP20_62_c_3c_c","AB6C2_oP36_62_c_2c2d_d","ABC3_oP20_62_c_c_cd.K.N.O3","ABCD8E3_oP112_62_d_2c_d_4c6d_3d","AB4C2_oP28_62_c_4c_2c","A2B2C4D_oP36_62_d_d_2cd_c","A2B4C_oP28_62_2c_2cd_c","ABC3_oP20_62_c_c_cd","ABC2_oP16_62_c_c_2c","AB2C3D3_oP36_62_c_ac_cd_cd","ABC3_oP20_62_c_c_cd.N.NH4.O","A8BCD_oP44_62_4c2d_c_c_c","AB6_oP28_62_c_6c","ABC_oP12_62_c_c_c","A2BC8D2_oP52_62_d_c_2c3d_d","A2B3C4D_oP40_62_d_cd_2cd_c","A5BC_oP28_62_3cd_c_c","A3B_oP32_62_ab4c_2c","A2B_oP24_62_4c_2c","A4B3_oP112_62_8c4d_4c4d","A4B3_oP56_62_8c_6c","A2B6C3_oP44_62_2c_2c2d_3c","A7B2C2_oP44_62_3c2d_2c_d","A2B5C_oP32_62_bc_3cd_c","A2B5C22D2E8_oP156_62_d_c2d_2c10d_2c_4d","A3B15C5D_oP96_62_cd_3c6d_3cd_c","AB_oP8_62_c_c.NiSi","AB22C23D2E2_oP200_62_c_11d_3c10d_d_d","A4BC2D_oP32_62_2cd_b_2c_a" ],"63": [ "A2B_oC12_63_2c_c","AB_oC8_63_c_c","A_oC4_63_c","AB2C_oC16_63_c_2c_c","A43B5C17_oC260_63_c8fg6h_cfg_ce3f2h","AB4C_oC24_63_a_fg_c","A6B_oC28_63_efg_c","AB3C_oC20_63_a_cf_c","AB4C_oC24_63_c_fg_c","A2BC3_oC24_63_e_c_cg","A5B3_oC32_63_cfg_ce","ABC3_oC20_63_c_b_cf","AB3_oC16_63_c_3c","A2BC_oC16_63_f_c_c","AB2C2_oC20_63_c_f_2c","A2B2C6DE2_oC52_63_g_e_fh_c_f","AB2C4_oC28_63_c_bc_fg","AB2CD_oC20_63_b_f_c_c","A2B5C_oC32_63_f_c2f_c","AB3_oC16_63_c_cf","AB5C2_oC32_63_c_c2f_f","A_oC24_63_3f","A4BC12D2_oC76_63_eg_c_f3gh_g","A5B_oC24_63_c2f_c" ],"64": [ "A_oC8_64_f.I","A_oC8_64_f.alpha-Ga","A2B2C_oC80_64_efg_efg_df","A_oC8_64_f.P","A2B_oC24_64_2f_f","A2B2C7_oC88_64_ef_df_3f2g","A10B3C4_oC68_64_2dfg_ad_2d" ],"65": [ "AB3_oC8_65_a_bf","A3B5_oC16_65_ah_bej","AB_oC8_65_j_g","A2B8CD2_oC26_65_h_r_a_i","A2B3C_oC12_65_h_bh_a","A3B8_oC22_65_ag_bd2gh" ],"66": [ "A3B_oC64_66_gi2lm_2l","A2B4C_oC28_66_l_kl_a","A3B_oC64_66_kl2m_bdl" ],"67": [ "ABC2_oC16_67_b_g_ag","AB_oC8_67_a_g.FeSe","AB_oC8_67_a_g.PbO","A2BC_oC16_67_ag_b_g","A2BC2D_oC24_67_m_a_n_g" ],"68": [ "AB4_oC20_68_a_i" ],"69": [ "AB_oF8_69_a_b" ],"7": [ "A3B_mP16_7_6a_2a","A2B_mP18_7_6a_3a","A2B_mP12_7_4a_2a","A9B2_mP22_7_9a_2a","A6B2C15D4_mP54_7_6a_2a_15a_4a","AB2_mP12_7_2a_4a","A8B23_mP124_7_16a_46a" ],"70": [ "A_oF128_70_4h","A_oF8_70_a","A2B_oF24_70_e_a","AB2_oF48_70_f_fg","A2B4C_oF56_70_g_h_a","AB2_oF48_70_g_fg" ],"71": [ "AB2_oI6_71_a_i","AB2_oI6_71_a_g","ABC_oI12_71_h_j_g","A4B3_oI14_71_gh_cg","AB_oI8_71_g_i","AB6C3_oI20_71_a_in_cj","ABC2_oI16_71_g_i_eh" ],"72": [ "A2B_oI12_72_j_a","A2B5_oI28_72_j_bfj" ],"73": [ "ABCD3_oI48_73_d_e_e_ef" ],"74": [ "A2B_oI12_74_h_e","A4B_oI20_74_beh_e","AB2_oI12_74_e_h","A2B6C2D_oI44_74_h_ij_i_e","ABC4D_oI28_74_a_d_hi_e" ],"75": [ "AB2C12D4_tP76_75_2a2b_2d_12d_4d" ],"76": [ "A3B7_tP40_76_3a_7a","A2BC_tP16_76_2a_a_a" ],"77": [ "A2B_tP48_77_8d_4d","A2B6CD7_tP64_77_2d_6d_d_ab6d","A4B2C3_tP72_77_8d_ab2c2d_6d" ],"78": [ "A2B7C2_tP88_78_4a_14a_4a" ],"79": [ "A2BC2_tI20_79_c_2a_c" ],"8": [ "A3BC_mC10_8_ab_a_a","AB3_mC32_8_4a_4a4b","A13B4_mC102_8_17a11b_8a2b","ABC2_mC8_8_a_a_b","AB3_mC32_8_4a_12a" ],"80": [ "AB2_tI48_80_2b_4b" ],"81": [ "AB2_tP12_81_adg_2h" ],"82": [ "AB4C_tI12_82_c_g_a","A2BC4_tI14_82_bc_a_g","A3B_tI32_82_3g_g","A2BCD4_tI16_82_ac_b_d_g" ],"83": [ "A3B2_tP10_83_adk_j" ],"84": [ "AB_tP16_84_cej_k" ],"85": [ "A2B_tP30_85_ab2g_cg","A3B6CD_tP44_85_bcg_3g_ac_e","AB5C_tP14_85_c_cg_b" ],"86": [ "AB3_tP32_86_g_3g","A2BC_tP32_86_2g_g_g","A4B11C2_tP68_86_2g_ab5g_g","AB6C_tP32_86_d_3g_c","ABC3_tP40_86_g_g_3g" ],"87": [ "A4B5_tI18_87_h_ah","AB4_tI10_87_a_h","AB4C24D12_tI82_87_a_h_2h2i_hi","AB6C2D_tI20_87_a_eh_d_b" ],"88": [ "A4B_tI20_88_f_a","AB2_tI96_88_2f_4f","A9B4C20_tI132_88_a2f_f_5f","AB4C_tI24_88_b_f_a","AB3_tI32_88_d_cf" ],"89": [ "A17BC4D_tP184_89_17p_p_4p_io" ],"9": [ "A2B_mC144_9_24a_12a","AB3_mC16_9_a_3a","A5B3_mC32_9_5a_3a","A6B36C11_mC212_9_6a_36a_11a","A3B5C4D2_mC56_9_3a_5a_4a_2a","A2B4C9D2_mC68_9_2a_4a_9a_2a" ],"90": [ "A4B2C13D_tP40_90_g_d_cef2g_c","AB4C17D4E_tP54_90_a_g_c4g_g_c","AB2C3D2_tP16_90_c_f_ce_e" ],"91": [ "ABC_tP24_91_d_d_d" ],"92": [ "A2B_tP12_92_b_a","A12BC10D_tP96_92_6b_a_5b_a","A2B_tP12_92_b_a.TeO2" ],"93": [ "AB32CD4E8_tP184_93_i_16p_af_2p_4p" ],"94": [ "A14B3C5_tP44_94_c3g_ad_bg","A6B2C_tP18_94_eg_c_a" ],"95": [ "ABC_tP24_95_d_d_d" ],"96": [ "A2B_tP36_96_3b_ab","A_tP12_96_ab" ],"97": [ "A2B8CD_tI24_97_d_k_a_b","AB8C2_tI44_97_e_2k_cd" ],"98": [ "A2B_tI12_98_f_a","A2B7C2_tI44_98_f_bcde_f" ],"99": [ "A3BC_tP5_99_bc_a_b" ] }