{ "its": [ { "gen": [ "x,y,z","-x,y,-z","-x,-y,-z" ],"gp": [ "x,y,z","-x,y,-z","-x,-y,-z","x,-y,z" ],"id": "P12/m1","itaFull": "10:b","set": 1,"sg": 10,"tm": "a,b,c","u": "P 1 2/m 1","wpos": { "pos": [ { "desc": "1","geom": "general","label": "o","mult": 4 },{ "coord": [ "x,1/2,z","-x,1/2,-z" ],"desc": "m","geom": "plane","label": "n","mult": 2 },{ "coord": [ "x,0,z","-x,0,-z" ],"desc": "m","geom": "plane","label": "m","mult": 2 },{ "coord": [ "1/2,y,1/2","1/2,-y,1/2" ],"desc": "2","geom": "line","label": "l","mult": 2 },{ "coord": [ "0,y,1/2","0,-y,1/2" ],"desc": "2","geom": "line","label": "k","mult": 2 },{ "coord": [ "1/2,y,0","1/2,-y,0" ],"desc": "2","geom": "line","label": "j","mult": 2 },{ "coord": [ "0,y,0","0,-y,0" ],"desc": "2","geom": "line","label": "i","mult": 2 },{ "coord": [ "1/2,1/2,1/2" ],"desc": "2/m","geom": "point","label": "h","mult": 1 },{ "coord": [ "1/2,0,1/2" ],"desc": "2/m","geom": "point","label": "g","mult": 1 },{ "coord": [ "0,1/2,1/2" ],"desc": "2/m","geom": "point","label": "f","mult": 1 },{ "coord": [ "1/2,1/2,0" ],"desc": "2/m","geom": "point","label": "e","mult": 1 },{ "coord": [ "1/2,0,0" ],"desc": "2/m","geom": "point","label": "d","mult": 1 },{ "coord": [ "0,0,1/2" ],"desc": "2/m","geom": "point","label": "c","mult": 1 },{ "coord": [ "0,1/2,0" ],"desc": "2/m","geom": "point","label": "b","mult": 1 },{ "coord": [ "0,0,0" ],"desc": "2/m","geom": "point","label": "a","mult": 1 } ] } },{ "gen": [ "x,y,z","-x,-y,z","-x,-y,-z" ],"gp": [ "x,y,z","-x,-y,z","-x,-y,-z","x,y,-z" ],"id": "P112/m","itaFull": "10:c","set": 2,"sg": 10,"tm": "c,a,b","u": "P 1 1 2/m","wpos": { "pos": [ { "desc": "1","geom": "general","label": "o","mult": 4 },{ "coord": [ "z,x,1/2","-z,-x,1/2" ],"desc": "m","geom": "plane","label": "n","mult": 2 },{ "coord": [ "z,x,0","-z,-x,0" ],"desc": "m","geom": "plane","label": "m","mult": 2 },{ "coord": [ "1/2,1/2,y","1/2,1/2,-y" ],"desc": "2","geom": "line","label": "l","mult": 2 },{ "coord": [ "1/2,0,y","1/2,0,-y" ],"desc": "2","geom": "line","label": "k","mult": 2 },{ "coord": [ "0,1/2,y","0,1/2,-y" ],"desc": "2","geom": "line","label": "j","mult": 2 },{ "coord": [ "0,0,y","0,0,-y" ],"desc": "2","geom": "line","label": "i","mult": 2 },{ "coord": [ "1/2,1/2,1/2" ],"desc": "2/m","geom": "point","label": "h","mult": 1 },{ "coord": [ "1/2,1/2,0" ],"desc": "2/m","geom": "point","label": "g","mult": 1 },{ "coord": [ "1/2,0,1/2" ],"desc": "2/m","geom": "point","label": "f","mult": 1 },{ "coord": [ "0,1/2,1/2" ],"desc": "2/m","geom": "point","label": "e","mult": 1 },{ "coord": [ "0,1/2,0" ],"desc": "2/m","geom": "point","label": "d","mult": 1 },{ "coord": [ "1/2,0,0" ],"desc": "2/m","geom": "point","label": "c","mult": 1 },{ "coord": [ "0,0,1/2" ],"desc": "2/m","geom": "point","label": "b","mult": 1 },{ "coord": [ "0,0,0" ],"desc": "2/m","geom": "point","label": "a","mult": 1 } ] } },{ "gen": [ "x,y,z","x,-y,-z","-x,-y,-z" ],"gp": [ "x,y,z","x,-y,-z","-x,-y,-z","-x,y,z" ],"id": "P2/m11","itaFull": "10:a","set": 3,"sg": 10,"tm": "b,c,a","u": "P 2/m 1 1","wpos": { "pos": [ { "desc": "1","geom": "general","label": "o","mult": 4 },{ "coord": [ "1/2,z,x","1/2,-z,-x" ],"desc": "m","geom": "plane","label": "n","mult": 2 },{ "coord": [ "0,z,x","0,-z,-x" ],"desc": "m","geom": "plane","label": "m","mult": 2 },{ "coord": [ "y,1/2,1/2","-y,1/2,1/2" ],"desc": "2","geom": "line","label": "l","mult": 2 },{ "coord": [ "y,1/2,0","-y,1/2,0" ],"desc": "2","geom": "line","label": "k","mult": 2 },{ "coord": [ "y,0,1/2","-y,0,1/2" ],"desc": "2","geom": "line","label": "j","mult": 2 },{ "coord": [ "y,0,0","-y,0,0" ],"desc": "2","geom": "line","label": "i","mult": 2 },{ "coord": [ "1/2,1/2,1/2" ],"desc": "2/m","geom": "point","label": "h","mult": 1 },{ "coord": [ "0,1/2,1/2" ],"desc": "2/m","geom": "point","label": "g","mult": 1 },{ "coord": [ "1/2,1/2,0" ],"desc": "2/m","geom": "point","label": "f","mult": 1 },{ "coord": [ "1/2,0,1/2" ],"desc": "2/m","geom": "point","label": "e","mult": 1 },{ "coord": [ "0,0,1/2" ],"desc": "2/m","geom": "point","label": "d","mult": 1 },{ "coord": [ "0,1/2,0" ],"desc": "2/m","geom": "point","label": "c","mult": 1 },{ "coord": [ "1/2,0,0" ],"desc": "2/m","geom": "point","label": "b","mult": 1 },{ "coord": [ "0,0,0" ],"desc": "2/m","geom": "point","label": "a","mult": 1 } ] } } ],"n": 3,"sg": 10 }