{ "its": [ { "gen": [ "x,y,z","-x+1/2,-y,z+1/2","-y+1/4,x+3/4,z+1/4","-x+1/2,y,-z+1/2","-x,-y,-z","x+1/2,y+1/2,z+1/2" ],"gp": [ "x,y,z","-x+1/2,-y,z+1/2","-y+1/4,x+3/4,z+1/4","y+1/4,-x+1/4,z+3/4","-x+1/2,y,-z+1/2","x,-y,-z","y+1/4,x+3/4,-z+1/4","-y+1/4,-x+1/4,-z+3/4","-x,-y,-z","x+1/2,y,-z+1/2","y+3/4,-x+1/4,-z+3/4","-y+3/4,x+3/4,-z+1/4","x+1/2,-y,z+1/2","-x,y,z","-y+3/4,-x+1/4,z+3/4","y+3/4,x+3/4,z+1/4","x+1/2,y+1/2,z+1/2","-x,-y+1/2,z","-y+3/4,x+1/4,z+3/4","y+3/4,-x+3/4,z+1/4","-x,y+1/2,-z","x+1/2,-y+1/2,-z+1/2","y+3/4,x+1/4,-z+3/4","-y+3/4,-x+3/4,-z+1/4","-x+1/2,-y+1/2,-z+1/2","x,y+1/2,-z","y+1/4,-x+3/4,-z+1/4","-y+1/4,x+1/4,-z+3/4","x,-y+1/2,z","-x+1/2,y+1/2,z+1/2","-y+1/4,-x+3/4,z+1/4","y+1/4,x+1/4,z+3/4" ],"id": "I41/amd","itaFull": "141:2","set": 1,"sg": 141,"tm": "a,b,c","u": "I 41/a m d  [origin 2]","wpos": { "cent": [ "1/2,1/2,1/2" ],"pos": [ { "desc": "1","geom": "general","label": "i","mult": 32 },{ "coord": [ "0,y,z","1/2,-y,z+1/2","-y+1/4,3/4,z+1/4","y+1/4,1/4,z+3/4","1/2,y,-z+1/2","0,-y,-z","y+1/4,3/4,-z+1/4","-y+1/4,1/4,-z+3/4" ],"desc": ".m.","geom": "plane","label": "h","mult": 16 },{ "coord": [ "x,x+1/4,7/8","-x+1/2,-x+3/4,3/8","-x,x+3/4,1/8","x+1/2,-x+1/4,5/8","-x,-x+3/4,1/8","x+1/2,x+1/4,5/8","x,-x+1/4,7/8","-x+1/2,x+3/4,3/8" ],"desc": "..2","geom": "line","label": "g","mult": 16 },{ "coord": [ "x,0,0","-x+1/2,0,1/2","1/4,x+3/4,1/4","1/4,-x+1/4,3/4","-x,0,0","x+1/2,0,1/2","3/4,-x+1/4,3/4","3/4,x+3/4,1/4" ],"desc": ".2.","geom": "line","label": "f","mult": 16 },{ "coord": [ "0,1/4,z","0,3/4,z+1/4","1/2,1/4,-z+1/2","1/2,3/4,-z+1/4" ],"desc": "2mm .","geom": "line","label": "e","mult": 8 },{ "coord": [ "0,0,1/2","1/2,0,0","1/4,3/4,3/4","1/4,1/4,1/4" ],"desc": ".2/m.","geom": "point","label": "d","mult": 8 },{ "coord": [ "0,0,0","1/2,0,1/2","1/4,3/4,1/4","1/4,1/4,3/4" ],"desc": ".2/m.","geom": "point","label": "c","mult": 8 },{ "coord": [ "0,1/4,3/8","0,3/4,5/8" ],"desc": "-4m2","geom": "point","label": "b","mult": 4 },{ "coord": [ "0,3/4,1/8","1/2,3/4,3/8" ],"desc": "-4m2","geom": "point","label": "a","mult": 4 } ] } },{ "gen": [ "x,y,z","-x+1/4,-y+1/4,z+1/2","-y-1/4,x+1/2,z+1/4","-y+1/4,-x+1/4,-z+1/2","-x,-y,-z","x,y+1/2,z+1/2","x+1/2,y+1/2,z","-x+3/4,-y+3/4,z+1/2","-y+1/4,x+1,z+1/4","-y+3/4,-x+3/4,-z+1/2","-x+1/2,-y+1/2,-z","x+1/2,y+1,z+1/2" ],"gp": [ "x,y,z","-x+1/4,-y+1/4,z+1/2","-y-1/4,x+1/2,z+1/4","y,-x+1/4,z+3/4","-y+1/4,-x+1/4,-z+1/2","y,x,-z","-x-1/4,y+1/2,-z+1/4","x,-y+1/4,-z+3/4","-x,-y,-z","x+1/4,y+1/4,-z+1/2","y+1/4,-x+1/2,-z+3/4","-y,x+3/4,-z+1/4","y+1/4,x+1/4,z+1/2","-y,-x,z","x+1/4,-y+1/2,z+3/4","-x,y+3/4,z+1/4","x,y+1/2,z+1/2","-x-1/4,-y+1/4,z","-y+1/4,x+1/2,z+3/4","y,-x+3/4,z+1/4","-y-1/4,-x+1/4,-z","y,x+1/2,-z+1/2","-x+1/4,y+1/2,-z+3/4","x,-y+3/4,-z+1/4","-x,-y+1/2,-z+1/2","x-1/4,y+1/4,-z","y-1/4,-x+1/2,-z+1/4","-y,x+1/4,-z+3/4","y-1/4,x+1/4,z","-y,-x+1/2,z+1/2","x-1/4,-y+1/2,z+1/4","-x,y+1/4,z+3/4","x+1/2,y+1/2,z","-x+3/4,-y+3/4,z+1/2","y+1/2,-x+3/4,z+3/4","-y+3/4,-x+3/4,-z+1/2","y+1/2,x+1/2,-z","x+1/2,-y+3/4,-z+3/4","-x+1/2,-y+1/2,-z","x+3/4,y+3/4,-z+1/2","-y+1/2,x+5/4,-z+1/4","y+3/4,x+3/4,z+1/2","-y+1/2,-x+1/2,z","-x+1/2,y+5/4,z+1/4","-x+1/4,-y+3/4,z","y+1/2,-x+5/4,z+1/4","-y+1/4,-x+3/4,-z","x+1/2,-y+5/4,-z+1/4","x+1/4,y+3/4,-z","-y+1/2,x+3/4,-z+3/4","y+1/4,x+3/4,z","-x+1/2,y+3/4,z+3/4" ],"id": "F41/ddm:2","itaFull": "ita?.","set": 2,"sg": 141,"tm": "a-b,a+b,c","u": "F 41/d d m :2","wpos": { "cent": [ "0,1/2,1/2" ],"pos": [ { "desc": "1","geom": "general","label": "i","mult": 32 },{ "coord": [ "-1/2y,1/2y,z","1/2y+1/4,-1/2y+1/4,z+1/2","-1/2y+3/4,-1/2y+1/2,z+1/4","1/2y,1/2y+1/4,z+3/4","-1/2y+1/4,1/2y+1/4,-z+1/2","1/2y,-1/2y,-z","1/2y+3/4,1/2y+1/2,-z+1/4","-1/2y,-1/2y+1/4,-z+3/4" ],"desc": ".m.","geom": "plane","label": "h","mult": 16 },{ "coord": [ "7/8,x+1/8,7/8","7/8,-x+5/8,3/8","-x+5/8,3/8,1/8","x+1/8,3/8,5/8","5/8,-x+3/8,1/8","1/8,x+3/8,5/8","x+7/8,1/8,7/8","-x+7/8,5/8,3/8" ],"desc": "..2","geom": "line","label": "g","mult": 16 },{ "coord": [ "1/2x,1/2x,0","-1/2x+1/4,-1/2x+1/4,1/2","-1/2x+3/4,1/2x+1/2,1/4","1/2x,-1/2x+1/4,3/4","-1/2x,-1/2x,0","1/2x+1/4,1/2x+1/4,1/2","1/2x+1/4,-1/2x+1/2,3/4","-1/2x,1/2x+3/4,1/4" ],"desc": ".2.","geom": "line","label": "f","mult": 16 },{ "coord": [ "7/8,1/8,z","5/8,3/8,z+1/4","1/8,3/8,-z+1/2","7/8,5/8,-z+1/4" ],"desc": "2mm .","geom": "line","label": "e","mult": 8 },{ "coord": [ "0,0,1/2","1/4,1/4,0","3/4,1/2,3/4","0,1/4,1/4" ],"desc": ".2/m.","geom": "point","label": "d","mult": 8 },{ "coord": [ "0,0,0","1/4,1/4,1/2","3/4,1/2,1/4","0,1/4,3/4" ],"desc": ".2/m.","geom": "point","label": "c","mult": 8 },{ "coord": [ "7/8,1/8,3/8","5/8,3/8,5/8" ],"desc": "-4m2","geom": "point","label": "b","mult": 4 },{ "coord": [ "5/8,3/8,1/8","7/8,5/8,3/8" ],"desc": "-4m2","geom": "point","label": "a","mult": 4 } ] } },{ "gen": [ "x,y,z","-x+1/2,-y-1/2,z+1/2","-y,x+1/2,z+1/4","-x+1/2,y,-z+3/4","-x,-y-1/2,-z+1/4","x+1/2,y+1/2,z+1/2" ],"gp": [ "x,y,z","-x+1/2,-y-130/3,z+1/2","-y-21.41667,x-20.91667,z+1/4","y+21.91667,-x-21.41667,z+3/4","-x+1/2,y,-z+251/6","x,-y-130/3,-z+124/3","y+21.91667,x-20.91667,-z+499/12","-y-21.41667,-x-21.41667,-z+505/12","-x,-y-130/3,-z+124/3","x+1/2,y,-z+251/6","y+22.41667,-x-21.41667,-z+505/12","-y-20.91667,x-20.91667,-z+499/12","x+1/2,-y-130/3,z+1/2","-x,y,z","-y-20.91667,-x-21.41667,z+3/4","y+22.41667,x-20.91667,z+1/4","x+1/2,y+1/2,z+1/2","-x,-y-257/6,z","-y-20.91667,x-21.41667,z+3/4","y+22.41667,-x-20.91667,z+1/4","-x,y+1/2,-z+124/3","x+1/2,-y-257/6,-z+251/6","y+22.41667,x-21.41667,-z+505/12","-y-20.91667,-x-20.91667,-z+499/12","-x+1/2,-y-257/6,-z+251/6","x,y+1/2,-z+124/3","y+21.91667,-x-20.91667,-z+499/12","-y-21.41667,x-21.41667,-z+505/12","x,-y-257/6,z","-x+1/2,y+1/2,z+1/2","-y-21.41667,-x-20.91667,z+1/4","y+21.91667,x-21.41667,z+3/4" ],"id": "I41/amd:1","itaFull": "ita?.","set": 3,"sg": 141,"tm": "a,b+1/4,c-1/8","u": "I 41/a m d :1","wpos": { "cent": [ "1/2,1/2,1/2" ],"pos": [ { "desc": "1","geom": "general","label": "i","mult": 32 },{ "coord": [ "0,y+3/4,z+1/8","1/2,-y+3/4,z+5/8","-y+1/4,1/2,z+3/8","y+1/4,0,z+7/8","1/2,y+3/4,-z+5/8","0,-y+3/4,-z+1/8","y+1/4,1/2,-z+3/8","-y+1/4,0,-z+7/8" ],"desc": ".m.","geom": "plane","label": "h","mult": 16 },{ "coord": [ "x,x,0","-x+1/2,-x+1/2,1/2","-x,x+1/2,1/4","x+1/2,-x,3/4","-x,-x+1/2,1/4","x+1/2,x,3/4","x,-x,0","-x+1/2,x+1/2,1/2" ],"desc": "..2","geom": "line","label": "g","mult": 16 },{ "coord": [ "x,3/4,1/8","-x+1/2,3/4,5/8","1/4,x+1/2,3/8","1/4,-x,7/8","-x,3/4,1/8","x+1/2,3/4,5/8","3/4,-x,7/8","3/4,x+1/2,3/8" ],"desc": ".2.","geom": "line","label": "f","mult": 16 },{ "coord": [ "0,0,z+1/8","0,1/2,z+3/8","1/2,0,-z+5/8","1/2,1/2,-z+3/8" ],"desc": "2mm .","geom": "line","label": "e","mult": 8 },{ "coord": [ "0,3/4,5/8","1/2,3/4,1/8","1/4,1/2,7/8","1/4,0,3/8" ],"desc": ".2/m.","geom": "point","label": "d","mult": 8 },{ "coord": [ "0,3/4,1/8","1/2,3/4,5/8","1/4,1/2,3/8","1/4,0,7/8" ],"desc": ".2/m.","geom": "point","label": "c","mult": 8 },{ "coord": [ "0,0,1/2","0,1/2,3/4" ],"desc": "-4m2","geom": "point","label": "b","mult": 4 },{ "coord": [ "0,1/2,1/4","1/2,1/2,1/2" ],"desc": "-4m2","geom": "point","label": "a","mult": 4 } ] } },{ "gen": [ "x,y,z","-x+1/2,-y,z+1/2","-y-1/4,x+1/4,z+1/4","-y+1/4,-x+1/4,-z+3/4","-x+1/4,-y-1/4,-z+1/4","x,y+1/2,z+1/2","x+1/2,y+1/2,z","-x+1,-y+1/2,z+1/2","-y+1/4,x+3/4,z+1/4","-y+3/4,-x+3/4,-z+3/4","-x+3/4,-y+1/4,-z+1/4","x+1/2,y+1,z+1/2" ],"gp": [ "x,y,z","-x+21.91667,-y-21.41667,z+1/2","-y-1/4,x-21.16667,z+1/4","y+65/3,-x+1/4,z+3/4","-y+1/4,-x+1/4,-z+251/6","y+65/3,x-65/3,-z+124/3","-x+21.41667,y+1/2,-z+499/12","x,-y-21.41667,-z+505/12","-x+65/3,-y-65/3,-z+124/3","x+1/4,y+1/4,-z+251/6","y+21.91667,-x+1/2,-z+505/12","-y,x-20.91667,-z+499/12","y+21.91667,x-21.41667,z+1/2","-y,-x,z","x+1/4,-y-21.16667,z+3/4","-x+65/3,y+3/4,z+1/4","x,y+1/2,z+1/2","-x+21.41667,-y-21.41667,z","-y+1/4,x-21.16667,z+3/4","y+65/3,-x+3/4,z+1/4","-y-1/4,-x+1/4,-z+124/3","y+65/3,x-21.16667,-z+251/6","-x+21.91667,y+1/2,-z+505/12","x,-y-20.91667,-z+499/12","-x+65/3,-y-21.16667,-z+251/6","x-1/4,y+1/4,-z+124/3","y+21.41667,-x+1/2,-z+499/12","-y,x-21.41667,-z+505/12","y+21.41667,x-21.41667,z","-y,-x+1/2,z+1/2","x-1/4,-y-21.16667,z+1/4","-x+65/3,y+1/4,z+3/4","x+1/2,y+1/2,z","-x+22.41667,-y-20.91667,z+1/2","-y+1/4,x-62/3,z+1/4","y+22.16667,-x+3/4,z+3/4","-y+3/4,-x+3/4,-z+251/6","y+22.16667,x-21.16667,-z+124/3","x+1/2,-y-20.91667,-z+505/12","-x+22.16667,-y-21.16667,-z+124/3","x+3/4,y+3/4,-z+251/6","-y+1/2,x-20.41667,-z+499/12","y+22.41667,x-20.91667,z+1/2","-y+1/2,-x+1/2,z","x+3/4,-y-62/3,z+3/4","-x+22.16667,y+5/4,z+1/4","-x+21.91667,-y-20.91667,z","-y+3/4,x-62/3,z+3/4","y+22.16667,-x+5/4,z+1/4","-y+1/4,-x+3/4,-z+124/3","y+22.16667,x-62/3,-z+251/6","x+1/2,-y-20.41667,-z+499/12","-x+22.16667,-y-62/3,-z+251/6","x+1/4,y+3/4,-z+124/3","-y+1/2,x-20.91667,-z+505/12","y+21.91667,x-20.91667,z","x+1/4,-y-62/3,z+1/4","-x+22.16667,y+3/4,z+3/4" ],"id": "F41/ddm:1","itaFull": "ita?.","set": 4,"sg": 141,"tm": "a-b,a+b+1/4,c-1/8","u": "F 41/d d m :1","wpos": { "cent": [ "0,1/2,1/2" ],"pos": [ { "desc": "1","geom": "general","label": "i","mult": 32 },{ "coord": [ "-1/2y+1/8,1/2y+7/8,z+1/8","1/2y+3/8,-1/2y+1/8,z+5/8","-1/2y+7/8,-1/2y+3/8,z+3/8","1/2y+1/8,1/2y+1/8,z+7/8","-1/2y+3/8,1/2y+1/8,-z+5/8","1/2y+1/8,-1/2y+7/8,-z+1/8","1/2y+7/8,1/2y+3/8,-z+3/8","-1/2y+1/8,-1/2y+1/8,-z+7/8" ],"desc": ".m.","geom": "plane","label": "h","mult": 16 },{ "coord": [ "0,x,0","0,-x+1/2,1/2","-x+3/4,1/4,1/4","x+1/4,1/4,3/4","3/4,-x+1/4,1/4","1/4,x+1/4,3/4","x,0,0","-x,1/2,1/2" ],"desc": "..2","geom": "line","label": "g","mult": 16 },{ "coord": [ "1/2x+1/8,1/2x+7/8,1/8","-1/2x+3/8,-1/2x+1/8,5/8","-1/2x+7/8,1/2x+3/8,3/8","1/2x+1/8,-1/2x+1/8,7/8","-1/2x+1/8,-1/2x+7/8,1/8","1/2x+3/8,1/2x+1/8,5/8","1/2x+3/8,-1/2x+3/8,7/8","-1/2x+1/8,1/2x+5/8,3/8" ],"desc": ".2.","geom": "line","label": "f","mult": 16 },{ "coord": [ "0,0,z+1/8","3/4,1/4,z+3/8","1/4,1/4,-z+5/8","0,1/2,-z+3/8" ],"desc": "2mm .","geom": "line","label": "e","mult": 8 },{ "coord": [ "1/8,7/8,5/8","3/8,1/8,1/8","7/8,3/8,7/8","1/8,1/8,3/8" ],"desc": ".2/m.","geom": "point","label": "d","mult": 8 },{ "coord": [ "1/8,7/8,1/8","3/8,1/8,5/8","7/8,3/8,3/8","1/8,1/8,7/8" ],"desc": ".2/m.","geom": "point","label": "c","mult": 8 },{ "coord": [ "0,0,1/2","3/4,1/4,3/4" ],"desc": "-4m2","geom": "point","label": "b","mult": 4 },{ "coord": [ "3/4,1/4,1/4","0,1/2,1/2" ],"desc": "-4m2","geom": "point","label": "a","mult": 4 } ] } } ],"n": 4,"sg": 141 }