{ "its": [ { "gen": [ "x,y,z","-y,x-y,z+1/3","y,x,-z" ],"gp": [ "x,y,z","-y,x-y,z+1/3","-x+y,-x,z+2/3","y,x,-z","x-y,-y,-z+2/3","-x,-x+y,-z+1/3" ],"id": "P3121","itaFull": "152","set": 1,"sg": 152,"tm": "a,b,c","u": "P 31 2 1","wpos": { "pos": [ { "desc": "1","geom": "general","label": "c","mult": 6 },{ "coord": [ "x,0,5/6","0,x,1/6","-x,-x,1/2" ],"desc": ".2.","geom": "line","label": "b","mult": 3 },{ "coord": [ "x,0,1/3","0,x,2/3","-x,-x,0" ],"desc": ".2.","geom": "line","label": "a","mult": 3 } ] } } ],"n": 1,"sg": 152 }