{ "its": [ { "gen": [ "x,y,z","-y,x-y,z","-x,-y,z+1/2" ],"gp": [ "x,y,z","-y,x-y,z","-x+y,-x,z","-x,-y,z+1/2","y,-x+y,z+1/2","x-y,x,z+1/2" ],"id": "P63","itaFull": "173","set": 1,"sg": 173,"tm": "a,b,c","u": "P 63","wpos": { "pos": [ { "desc": "1","geom": "general","label": "c","mult": 6 },{ "coord": [ "1/3,2/3,z","2/3,1/3,z+1/2" ],"desc": "3..","geom": "line","label": "b","mult": 2 },{ "coord": [ "0,0,z","0,0,z+1/2" ],"desc": "3..","geom": "line","label": "a","mult": 2 } ] } } ],"n": 1,"sg": 173 }