{ "its": [ { "gen": [ "x,y,z","-x,-y,z","-y,x,z","x+1/2,-y+1/2,z" ],"gp": [ "x,y,z","-x,-y,z","-y,x,z","y,-x,z","x+1/2,-y+1/2,z","-x+1/2,y+1/2,z","-y+1/2,-x+1/2,z","y+1/2,x+1/2,z" ],"id": "P4bm","itaFull": "100","set": 1,"sg": 100,"tm": "a,b,c","u": "P 4 b m","wpos": { "pos": [ { "desc": "1","geom": "general","label": "d","mult": 8 },{ "coord": [ "x,x+1/2,z","-x,-x+1/2,z","-x+1/2,x,z","x+1/2,-x,z" ],"desc": "..m","geom": "plane","label": "c","mult": 4 },{ "coord": [ "1/2,0,z","0,1/2,z" ],"desc": "2.m m","geom": "line","label": "b","mult": 2 },{ "coord": [ "0,0,z","1/2,1/2,z" ],"desc": "4..","geom": "line","label": "a","mult": 2 } ] } },{ "gen": [ "x,y,z","-x,-y,z","-y,x,z","y,x+1/2,z","x+1/2,y+1/2,z","-x+1/2,-y+1/2,z","-y+1/2,x+1/2,z","y+1/2,x+1,z" ],"gp": [ "x,y,z","-x,-y,z","-y,x,z","y,-x,z","y,x+1/2,z","-y,-x+1/2,z","x,-y+1/2,z","-x,y+1/2,z","x+1/2,y+1/2,z","-x+1/2,-y+1/2,z","-y+1/2,x+1/2,z","y+1/2,-x+1/2,z" ],"id": "C4mg1","itaFull": "ita?.","set": 2,"sg": 100,"tm": "a-b,a+b,c","u": "C 4 m g1","wpos": { "pos": [ { "desc": "1","geom": "general","label": "d","mult": 8 },{ "coord": [ "3/4,x+1/4,z","3/4,-x+1/4,z","-x+1/4,1/4,z","x+1/4,1/4,z" ],"desc": "..m","geom": "plane","label": "c","mult": 4 },{ "coord": [ "1/4,1/4,z","3/4,1/4,z" ],"desc": "2.m m","geom": "line","label": "b","mult": 2 },{ "coord": [ "0,0,z","0,1/2,z" ],"desc": "4..","geom": "line","label": "a","mult": 2 } ] } } ],"n": 2,"sg": 100 }