{ "its": [ { "gen": [ "x,y,z","-x+1/2,-y,z+1/2","-x,y+1/2,-z+1/2","z,x,y","-x,-y,-z" ],"gp": [ "x,y,z","-x+1/2,-y,z+1/2","-x,y+1/2,-z+1/2","x+1/2,-y+1/2,-z","z,x,y","z+1/2,-x+1/2,-y","-z+1/2,-x,y+1/2","-z,x+1/2,-y+1/2","y,z,x","-y,z+1/2,-x+1/2","y+1/2,-z+1/2,-x","-y+1/2,-z,x+1/2","-x,-y,-z","x+1/2,y,-z+1/2","x,-y+1/2,z+1/2","-x+1/2,y+1/2,z","-z,-x,-y","-z+1/2,x+1/2,y","z+1/2,x,-y+1/2","z,-x+1/2,y+1/2","-y,-z,-x","y,-z+1/2,x+1/2","-y+1/2,z+1/2,x","y+1/2,z,-x+1/2" ],"id": "Pa-3","itaFull": "205","set": 1,"sg": 205,"tm": "a,b,c","u": "P a -3","wpos": { "pos": [ { "desc": "1","geom": "general","label": "d","mult": 24 },{ "coord": [ "x,x,x","-x+1/2,-x,x+1/2","-x,x+1/2,-x+1/2","x+1/2,-x+1/2,-x","-x,-x,-x","x+1/2,x,-x+1/2","x,-x+1/2,x+1/2","-x+1/2,x+1/2,x" ],"desc": ".3.","geom": "line","label": "c","mult": 8 },{ "coord": [ "1/2,1/2,1/2","0,1/2,0","1/2,0,0","0,0,1/2" ],"desc": ".-3.","geom": "point","label": "b","mult": 4 },{ "coord": [ "0,0,0","1/2,0,1/2","0,1/2,1/2","1/2,1/2,0" ],"desc": ".-3.","geom": "point","label": "a","mult": 4 } ] } } ],"n": 1,"sg": 205 }