{ "its": [ { "gen": [ "x,y,z","-x,-y,z","-x,y,-z","z,x,y","y,x,z" ],"gp": [ "x,y,z","-x,-y,z","-x,y,-z","x,-y,-z","z,x,y","z,-x,-y","-z,-x,y","-z,x,-y","y,z,x","-y,z,-x","y,-z,-x","-y,-z,x","y,x,z","-y,-x,z","y,-x,-z","-y,x,-z","x,z,y","-x,z,-y","-x,-z,y","x,-z,-y","z,y,x","z,-y,-x","-z,y,-x","-z,-y,x" ],"id": "P-43m","itaFull": "215","set": 1,"sg": 215,"tm": "a,b,c","u": "P -4 3 m","wpos": { "pos": [ { "desc": "1","geom": "general","label": "j","mult": 24 },{ "coord": [ "x,x,z","-x,-x,z","-x,x,-z","x,-x,-z","z,x,x","z,-x,-x","-z,-x,x","-z,x,-x","x,z,x","-x,z,-x","x,-z,-x","-x,-z,x" ],"desc": "..m","geom": "plane","label": "i","mult": 12 },{ "coord": [ "x,1/2,0","-x,1/2,0","0,x,1/2","0,-x,1/2","1/2,0,x","1/2,0,-x","1/2,x,0","1/2,-x,0","x,0,1/2","-x,0,1/2","0,1/2,x","0,1/2,-x" ],"desc": "2..","geom": "line","label": "h","mult": 12 },{ "coord": [ "x,1/2,1/2","-x,1/2,1/2","1/2,x,1/2","1/2,-x,1/2","1/2,1/2,x","1/2,1/2,-x" ],"desc": "2.m m","geom": "line","label": "g","mult": 6 },{ "coord": [ "x,0,0","-x,0,0","0,x,0","0,-x,0","0,0,x","0,0,-x" ],"desc": "2.m m","geom": "line","label": "f","mult": 6 },{ "coord": [ "x,x,x","-x,-x,x","-x,x,-x","x,-x,-x" ],"desc": ".3m","geom": "line","label": "e","mult": 4 },{ "coord": [ "1/2,0,0","0,1/2,0","0,0,1/2" ],"desc": "-42. m","geom": "point","label": "d","mult": 3 },{ "coord": [ "0,1/2,1/2","1/2,0,1/2","1/2,1/2,0" ],"desc": "-42. m","geom": "point","label": "c","mult": 3 },{ "coord": [ "1/2,1/2,1/2" ],"desc": "-43m","geom": "point","label": "b","mult": 1 },{ "coord": [ "0,0,0" ],"desc": "-43m","geom": "point","label": "a","mult": 1 } ] } } ],"n": 1,"sg": 215 }