{ "its": [ { "gen": [ "x,y,z","-x,-y,z","-y+1/2,x+1/2,z+1/2","x+1/2,-y+1/2,z+1/2" ],"gp": [ "x,y,z","-x,-y,z","-y+1/2,x+1/2,z+1/2","y+1/2,-x+1/2,z+1/2","x+1/2,-y+1/2,z+1/2","-x+1/2,y+1/2,z+1/2","-y,-x,z","y,x,z" ],"id": "P42nm","itaFull": "102","set": 1,"sg": 102,"tm": "a,b,c","u": "P 42 n m","wpos": { "pos": [ { "desc": "1","geom": "general","label": "d","mult": 8 },{ "coord": [ "x,x,z","-x,-x,z","-x+1/2,x+1/2,z+1/2","x+1/2,-x+1/2,z+1/2" ],"desc": "..m","geom": "plane","label": "c","mult": 4 },{ "coord": [ "0,1/2,z","0,1/2,z+1/2","1/2,0,z+1/2","1/2,0,z" ],"desc": "2..","geom": "line","label": "b","mult": 4 },{ "coord": [ "0,0,z","1/2,1/2,z+1/2" ],"desc": "2.m m","geom": "line","label": "a","mult": 2 } ] } },{ "gen": [ "x,y,z","-x,-y,z","-y,x+1/2,z+1/2","y,x+1/2,z+1/2","x+1/2,y+1/2,z","-x+1/2,-y+1/2,z","-y+1/2,x+1,z+1/2","y+1/2,x+1,z+1/2" ],"gp": [ "x,y,z","-x,-y,z","-y,x+1/2,z+1/2","y,-x+1/2,z+1/2","y,x+1/2,z+1/2","-y,-x+1/2,z+1/2","x,-y,z","-x,y,z","x+1/2,y+1/2,z","-x+1/2,-y+1/2,z","x+1/2,-y+1/2,z","-x+1/2,y+1/2,z" ],"id": "C42mg2","itaFull": "ita?.","set": 2,"sg": 102,"tm": "a-b,a+b,c","u": "C 42 m g2","wpos": { "pos": [ { "desc": "1","geom": "general","label": "d","mult": 8 },{ "coord": [ "0,x,z","0,-x,z","-x,1/2,z+1/2","x,1/2,z+1/2" ],"desc": "..m","geom": "plane","label": "c","mult": 4 },{ "coord": [ "3/4,1/4,z","3/4,1/4,z+1/2","1/4,1/4,z+1/2","1/4,1/4,z" ],"desc": "2..","geom": "line","label": "b","mult": 4 },{ "coord": [ "0,0,z","0,1/2,z+1/2" ],"desc": "2.m m","geom": "line","label": "a","mult": 2 } ] } } ],"n": 2,"sg": 102 }