{ "its": [ { "gen": [ "x,y,z","-x,-y,z","-y,x,z","-x,y,-z","-x,-y,-z" ],"gp": [ "x,y,z","-x,-y,z","-y,x,z","y,-x,z","-x,y,-z","x,-y,-z","y,x,-z","-y,-x,-z","-x,-y,-z","x,y,-z","y,-x,-z","-y,x,-z","x,-y,z","-x,y,z","-y,-x,z","y,x,z" ],"id": "P4/mmm","itaFull": "123","set": 1,"sg": 123,"tm": "a,b,c","u": "P 4/m m m","wpos": { "pos": [ { "desc": "1","geom": "general","label": "u","mult": 16 },{ "coord": [ "x,1/2,z","-x,1/2,z","1/2,x,z","1/2,-x,z","-x,1/2,-z","x,1/2,-z","1/2,x,-z","1/2,-x,-z" ],"desc": ".m.","geom": "plane","label": "t","mult": 8 },{ "coord": [ "x,0,z","-x,0,z","0,x,z","0,-x,z","-x,0,-z","x,0,-z","0,x,-z","0,-x,-z" ],"desc": ".m.","geom": "plane","label": "s","mult": 8 },{ "coord": [ "x,x,z","-x,-x,z","-x,x,z","x,-x,z","-x,x,-z","x,-x,-z","x,x,-z","-x,-x,-z" ],"desc": "..m","geom": "plane","label": "r","mult": 8 },{ "coord": [ "x,y,1/2","-x,-y,1/2","-y,x,1/2","y,-x,1/2","-x,y,1/2","x,-y,1/2","y,x,1/2","-y,-x,1/2" ],"desc": "m..","geom": "plane","label": "q","mult": 8 },{ "coord": [ "x,y,0","-x,-y,0","-y,x,0","y,-x,0","-x,y,0","x,-y,0","y,x,0","-y,-x,0" ],"desc": "m..","geom": "plane","label": "p","mult": 8 },{ "coord": [ "x,1/2,1/2","-x,1/2,1/2","1/2,x,1/2","1/2,-x,1/2" ],"desc": "m2m .","geom": "line","label": "o","mult": 4 },{ "coord": [ "x,1/2,0","-x,1/2,0","1/2,x,0","1/2,-x,0" ],"desc": "m2m .","geom": "line","label": "n","mult": 4 },{ "coord": [ "x,0,1/2","-x,0,1/2","0,x,1/2","0,-x,1/2" ],"desc": "m2m .","geom": "line","label": "m","mult": 4 },{ "coord": [ "x,0,0","-x,0,0","0,x,0","0,-x,0" ],"desc": "m2m .","geom": "line","label": "l","mult": 4 },{ "coord": [ "x,x,1/2","-x,-x,1/2","-x,x,1/2","x,-x,1/2" ],"desc": "m.2 m","geom": "line","label": "k","mult": 4 },{ "coord": [ "x,x,0","-x,-x,0","-x,x,0","x,-x,0" ],"desc": "m.2 m","geom": "line","label": "j","mult": 4 },{ "coord": [ "0,1/2,z","1/2,0,z","0,1/2,-z","1/2,0,-z" ],"desc": "2mm .","geom": "line","label": "i","mult": 4 },{ "coord": [ "1/2,1/2,z","1/2,1/2,-z" ],"desc": "4mm","geom": "line","label": "h","mult": 2 },{ "coord": [ "0,0,z","0,0,-z" ],"desc": "4mm","geom": "line","label": "g","mult": 2 },{ "coord": [ "0,1/2,0","1/2,0,0" ],"desc": "mmm .","geom": "point","label": "f","mult": 2 },{ "coord": [ "0,1/2,1/2","1/2,0,1/2" ],"desc": "mmm .","geom": "point","label": "e","mult": 2 },{ "coord": [ "1/2,1/2,1/2" ],"desc": "4/mmm","geom": "point","label": "d","mult": 1 },{ "coord": [ "1/2,1/2,0" ],"desc": "4/mmm","geom": "point","label": "c","mult": 1 },{ "coord": [ "0,0,1/2" ],"desc": "4/mmm","geom": "point","label": "b","mult": 1 },{ "coord": [ "0,0,0" ],"desc": "4/mmm","geom": "point","label": "a","mult": 1 } ] } },{ "gen": [ "x,y,z","-x,-y,z","-y,x,z","-y,-x,-z","-x,-y,-z","x+1/2,y+1/2,z","-x+1/2,-y+1/2,z","-y+1/2,x+1/2,z","-y+1/2,-x+1/2,-z","-x+1/2,-y+1/2,-z" ],"gp": [ "x,y,z","-x,-y,z","-y,x,z","y,-x,z","-y,-x,-z","y,x,-z","-x,y,-z","x,-y,-z","-x,-y,-z","x,y,-z","y,-x,-z","-y,x,-z","y,x,z","-y,-x,z","x,-y,z","-x,y,z","x+1/2,y+1/2,z","-x+1/2,-y+1/2,z","-y+1/2,x+1/2,z","y+1/2,-x+1/2,z","-y+1/2,-x+1/2,-z","y+1/2,x+1/2,-z","-x+1/2,y+1/2,-z","x+1/2,-y+1/2,-z","-x+1/2,-y+1/2,-z","x+1/2,y+1/2,-z","y+1/2,-x+1/2,-z","-y+1/2,x+1/2,-z","y+1/2,x+1/2,z","-y+1/2,-x+1/2,z","x+1/2,-y+1/2,z","-x+1/2,y+1/2,z" ],"id": "C4/mmm","itaFull": "ita?.","set": 2,"sg": 123,"tm": "a-b,a+b,c","u": "C 4/m m m","wpos": { "pos": [ { "desc": "1","geom": "general","label": "u","mult": 16 },{ "coord": [ "1/2x+3/4,1/2x+1/4,z","-1/2x+3/4,-1/2x+1/4,z","-1/2x+1/4,1/2x+1/4,z","1/2x+1/4,-1/2x+1/4,z","-1/2x+3/4,-1/2x+1/4,-z","1/2x+3/4,1/2x+1/4,-z","-1/2x+1/4,1/2x+1/4,-z","1/2x+1/4,-1/2x+1/4,-z" ],"desc": ".m.","geom": "plane","label": "t","mult": 8 },{ "coord": [ "1/2x,1/2x,z","-1/2x,-1/2x,z","-1/2x,1/2x,z","1/2x,-1/2x,z","-1/2x,-1/2x,-z","1/2x,1/2x,-z","-1/2x,1/2x,-z","1/2x,-1/2x,-z" ],"desc": ".m.","geom": "plane","label": "s","mult": 8 },{ "coord": [ "0,x,z","0,-x,z","-x,0,z","x,0,z","-x,0,-z","x,0,-z","0,x,-z","0,-x,-z" ],"desc": "..m","geom": "plane","label": "r","mult": 8 },{ "coord": [ "1/2x-1/2y,1/2x+1/2y,1/2","-1/2x+1/2y,-1/2x-1/2y,1/2","-1/2x-1/2y,1/2x-1/2y,1/2","1/2x+1/2y,-1/2x+1/2y,1/2","-1/2x-1/2y,-1/2x+1/2y,1/2","1/2x+1/2y,1/2x-1/2y,1/2","-1/2x+1/2y,1/2x+1/2y,1/2","1/2x-1/2y,-1/2x-1/2y,1/2" ],"desc": "m..","geom": "plane","label": "q","mult": 8 },{ "coord": [ "1/2x-1/2y,1/2x+1/2y,0","-1/2x+1/2y,-1/2x-1/2y,0","-1/2x-1/2y,1/2x-1/2y,0","1/2x+1/2y,-1/2x+1/2y,0","-1/2x-1/2y,-1/2x+1/2y,0","1/2x+1/2y,1/2x-1/2y,0","-1/2x+1/2y,1/2x+1/2y,0","1/2x-1/2y,-1/2x-1/2y,0" ],"desc": "m..","geom": "plane","label": "p","mult": 8 },{ "coord": [ "1/2x+3/4,1/2x+1/4,1/2","-1/2x+3/4,-1/2x+1/4,1/2","-1/2x+1/4,1/2x+1/4,1/2","1/2x+1/4,-1/2x+1/4,1/2" ],"desc": "m2m .","geom": "line","label": "o","mult": 4 },{ "coord": [ "1/2x+3/4,1/2x+1/4,0","-1/2x+3/4,-1/2x+1/4,0","-1/2x+1/4,1/2x+1/4,0","1/2x+1/4,-1/2x+1/4,0" ],"desc": "m2m .","geom": "line","label": "n","mult": 4 },{ "coord": [ "1/2x,1/2x,1/2","-1/2x,-1/2x,1/2","-1/2x,1/2x,1/2","1/2x,-1/2x,1/2" ],"desc": "m2m .","geom": "line","label": "m","mult": 4 },{ "coord": [ "1/2x,1/2x,0","-1/2x,-1/2x,0","-1/2x,1/2x,0","1/2x,-1/2x,0" ],"desc": "m2m .","geom": "line","label": "l","mult": 4 },{ "coord": [ "0,x,1/2","0,-x,1/2","-x,0,1/2","x,0,1/2" ],"desc": "m.2 m","geom": "line","label": "k","mult": 4 },{ "coord": [ "0,x,0","0,-x,0","-x,0,0","x,0,0" ],"desc": "m.2 m","geom": "line","label": "j","mult": 4 },{ "coord": [ "3/4,1/4,z","1/4,1/4,z","3/4,1/4,-z","1/4,1/4,-z" ],"desc": "2mm .","geom": "line","label": "i","mult": 4 },{ "coord": [ "0,1/2,z","0,1/2,-z" ],"desc": "4mm","geom": "line","label": "h","mult": 2 },{ "coord": [ "0,0,z","0,0,-z" ],"desc": "4mm","geom": "line","label": "g","mult": 2 },{ "coord": [ "3/4,1/4,0","1/4,1/4,0" ],"desc": "mmm .","geom": "point","label": "f","mult": 2 },{ "coord": [ "3/4,1/4,1/2","1/4,1/4,1/2" ],"desc": "mmm .","geom": "point","label": "e","mult": 2 },{ "coord": [ "0,1/2,1/2" ],"desc": "4/mmm","geom": "point","label": "d","mult": 1 },{ "coord": [ "0,1/2,0" ],"desc": "4/mmm","geom": "point","label": "c","mult": 1 },{ "coord": [ "0,0,1/2" ],"desc": "4/mmm","geom": "point","label": "b","mult": 1 },{ "coord": [ "0,0,0" ],"desc": "4/mmm","geom": "point","label": "a","mult": 1 } ] } } ],"n": 2,"sg": 123 }