{ "its": [ { "gen": [ "x,y,z","-x,-y,z","y,-x,-z","x,-y,z","x+1/2,y+1/2,z+1/2" ],"gp": [ "x,y,z","-x,-y,z","y,-x,-z","-y,x,-z","x,-y,z","-x,y,z","y,x,-z","-y,-x,-z","x+1/2,y+1/2,z+1/2","-x+1/2,-y+1/2,z+1/2","y+1/2,-x+1/2,-z+1/2","-y+1/2,x+1/2,-z+1/2","x+1/2,-y+1/2,z+1/2","-x+1/2,y+1/2,z+1/2","y+1/2,x+1/2,-z+1/2","-y+1/2,-x+1/2,-z+1/2" ],"id": "I-4m2","itaFull": "119","set": 1,"sg": 119,"tm": "a,b,c","u": "I -4 m 2","wpos": { "cent": [ "1/2,1/2,1/2" ],"pos": [ { "desc": "1","geom": "general","label": "j","mult": 16 },{ "coord": [ "x,0,z","-x,0,z","0,-x,-z","0,x,-z" ],"desc": ".m.","geom": "plane","label": "i","mult": 8 },{ "coord": [ "x,x+1/2,1/4","-x,-x+1/2,1/4","x+1/2,-x,3/4","-x+1/2,x,3/4" ],"desc": "..2","geom": "line","label": "h","mult": 8 },{ "coord": [ "x,x,0","-x,-x,0","x,-x,0","-x,x,0" ],"desc": "..2","geom": "line","label": "g","mult": 8 },{ "coord": [ "0,1/2,z","1/2,0,-z" ],"desc": "2mm .","geom": "line","label": "f","mult": 4 },{ "coord": [ "0,0,z","0,0,-z" ],"desc": "2mm .","geom": "line","label": "e","mult": 4 },{ "coord": [ "0,1/2,3/4" ],"desc": "-4m2","geom": "point","label": "d","mult": 2 },{ "coord": [ "0,1/2,1/4" ],"desc": "-4m2","geom": "point","label": "c","mult": 2 },{ "coord": [ "0,0,1/2" ],"desc": "-4m2","geom": "point","label": "b","mult": 2 },{ "coord": [ "0,0,0" ],"desc": "-4m2","geom": "point","label": "a","mult": 2 } ] } },{ "gen": [ "x,y,z","-x,-y,z","y,-x,-z","y,x,z","x,y+1/2,z+1/2","x+1/2,y+1/2,z","-x+1/2,-y+1/2,z","y+1/2,-x+1/2,-z","y+1/2,x+1/2,z","x+1/2,y+1,z+1/2" ],"gp": [ "x,y,z","-x,-y,z","y,-x,-z","-y,x,-z","y,x,z","-y,-x,z","-x,y,-z","x,-y,-z","x,y+1/2,z+1/2","-x,-y+1/2,z+1/2","y,-x+1/2,-z+1/2","-y,x+1/2,-z+1/2","y,x+1/2,z+1/2","-y,-x+1/2,z+1/2","-x,y+1/2,-z+1/2","x,-y+1/2,-z+1/2","x+1/2,y+1/2,z","-x+1/2,-y+1/2,z","y+1/2,-x+1/2,-z","-y+1/2,x+1/2,-z","y+1/2,x+1/2,z","-y+1/2,-x+1/2,z","-x+1/2,y+1/2,-z","x+1/2,-y+1/2,-z" ],"id": "F-42m","itaFull": "ita?.","set": 2,"sg": 119,"tm": "a-b,a+b,c","u": "F -4 2 m","wpos": { "cent": [ "0,1/2,1/2" ],"pos": [ { "desc": "1","geom": "general","label": "j","mult": 16 },{ "coord": [ "1/2x,1/2x,z","-1/2x,-1/2x,z","1/2x,-1/2x,-z","-1/2x,1/2x,-z" ],"desc": ".m.","geom": "plane","label": "i","mult": 8 },{ "coord": [ "3/4,x+1/4,1/4","3/4,-x+1/4,1/4","x+1/4,1/4,3/4","-x+1/4,1/4,3/4" ],"desc": "..2","geom": "line","label": "h","mult": 8 },{ "coord": [ "0,x,0","0,-x,0","x,0,0","-x,0,0" ],"desc": "..2","geom": "line","label": "g","mult": 8 },{ "coord": [ "3/4,1/4,z","1/4,1/4,-z" ],"desc": "2mm .","geom": "line","label": "f","mult": 4 },{ "coord": [ "0,0,z","0,0,-z" ],"desc": "2mm .","geom": "line","label": "e","mult": 4 },{ "coord": [ "3/4,1/4,3/4" ],"desc": "-4m2","geom": "point","label": "d","mult": 2 },{ "coord": [ "3/4,1/4,1/4" ],"desc": "-4m2","geom": "point","label": "c","mult": 2 },{ "coord": [ "0,0,1/2" ],"desc": "-4m2","geom": "point","label": "b","mult": 2 },{ "coord": [ "0,0,0" ],"desc": "-4m2","geom": "point","label": "a","mult": 2 } ] } } ],"n": 2,"sg": 119 }