{ "its": [ { "gen": [ "x,y,z","-x,-y,z","-x,y,-z","z,x,y","y,x,-z","-x,-y,-z","x+1/2,y+1/2,z+1/2" ],"gp": [ "x,y,z","-x,-y,z","-x,y,-z","x,-y,-z","z,x,y","z,-x,-y","-z,-x,y","-z,x,-y","y,z,x","-y,z,-x","y,-z,-x","-y,-z,x","y,x,-z","-y,-x,-z","y,-x,z","-y,x,z","x,z,-y","-x,z,y","-x,-z,-y","x,-z,y","z,y,-x","z,-y,x","-z,y,x","-z,-y,-x","-x,-y,-z","x,y,-z","x,-y,z","-x,y,z","-z,-x,-y","-z,x,y","z,x,-y","z,-x,y","-y,-z,-x","y,-z,x","-y,z,x","y,z,-x","-y,-x,z","y,x,z","-y,x,-z","y,-x,-z","-x,-z,y","x,-z,-y","x,z,y","-x,z,-y","-z,-y,x","-z,y,-x","z,-y,-x","z,y,x","x+1/2,y+1/2,z+1/2","-x+1/2,-y+1/2,z+1/2","-x+1/2,y+1/2,-z+1/2","x+1/2,-y+1/2,-z+1/2","z+1/2,x+1/2,y+1/2","z+1/2,-x+1/2,-y+1/2","-z+1/2,-x+1/2,y+1/2","-z+1/2,x+1/2,-y+1/2","y+1/2,z+1/2,x+1/2","-y+1/2,z+1/2,-x+1/2","y+1/2,-z+1/2,-x+1/2","-y+1/2,-z+1/2,x+1/2","y+1/2,x+1/2,-z+1/2","-y+1/2,-x+1/2,-z+1/2","y+1/2,-x+1/2,z+1/2","-y+1/2,x+1/2,z+1/2","x+1/2,z+1/2,-y+1/2","-x+1/2,z+1/2,y+1/2","-x+1/2,-z+1/2,-y+1/2","x+1/2,-z+1/2,y+1/2","z+1/2,y+1/2,-x+1/2","z+1/2,-y+1/2,x+1/2","-z+1/2,y+1/2,x+1/2","-z+1/2,-y+1/2,-x+1/2","-x+1/2,-y+1/2,-z+1/2","x+1/2,y+1/2,-z+1/2","x+1/2,-y+1/2,z+1/2","-x+1/2,y+1/2,z+1/2","-z+1/2,-x+1/2,-y+1/2","-z+1/2,x+1/2,y+1/2","z+1/2,x+1/2,-y+1/2","z+1/2,-x+1/2,y+1/2","-y+1/2,-z+1/2,-x+1/2","y+1/2,-z+1/2,x+1/2","-y+1/2,z+1/2,x+1/2","y+1/2,z+1/2,-x+1/2","-y+1/2,-x+1/2,z+1/2","y+1/2,x+1/2,z+1/2","-y+1/2,x+1/2,-z+1/2","y+1/2,-x+1/2,-z+1/2","-x+1/2,-z+1/2,y+1/2","x+1/2,-z+1/2,-y+1/2","x+1/2,z+1/2,y+1/2","-x+1/2,z+1/2,-y+1/2","-z+1/2,-y+1/2,x+1/2","-z+1/2,y+1/2,-x+1/2","z+1/2,-y+1/2,-x+1/2","z+1/2,y+1/2,x+1/2" ],"id": "Im-3m","itaFull": "229","set": 1,"sg": 229,"tm": "a,b,c","u": "I m -3 m","wpos": { "cent": [ "1/2,1/2,1/2" ],"pos": [ { "desc": "1","geom": "general","label": "l","mult": 96 },{ "coord": [ "x,x,z","-x,-x,z","-x,x,-z","x,-x,-z","z,x,x","z,-x,-x","-z,-x,x","-z,x,-x","x,z,x","-x,z,-x","x,-z,-x","-x,-z,x","x,x,-z","-x,-x,-z","x,-x,z","-x,x,z","x,z,-x","-x,z,x","-x,-z,-x","x,-z,x","z,x,-x","z,-x,x","-z,x,x","-z,-x,-x" ],"desc": "..m","geom": "plane","label": "k","mult": 48 },{ "coord": [ "0,y,z","0,-y,z","0,y,-z","0,-y,-z","z,0,y","z,0,-y","-z,0,y","-z,0,-y","y,z,0","-y,z,0","y,-z,0","-y,-z,0","y,0,-z","-y,0,-z","y,0,z","-y,0,z","0,z,-y","0,z,y","0,-z,-y","0,-z,y","z,y,0","z,-y,0","-z,y,0","-z,-y,0" ],"desc": "m..","geom": "plane","label": "j","mult": 48 },{ "coord": [ "1/4,y,-y+1/2","3/4,-y,-y+1/2","3/4,y,y+1/2","1/4,-y,y+1/2","-y+1/2,1/4,y","-y+1/2,3/4,-y","y+1/2,3/4,y","y+1/2,1/4,-y","y,-y+1/2,1/4","-y,-y+1/2,3/4","y,y+1/2,3/4","-y,y+1/2,1/4","3/4,-y,y+1/2","1/4,y,y+1/2","1/4,-y,-y+1/2","3/4,y,-y+1/2","y+1/2,3/4,-y","y+1/2,1/4,y","-y+1/2,1/4,-y","-y+1/2,3/4,y","-y,y+1/2,3/4","y,y+1/2,1/4","-y,-y+1/2,1/4","y,-y+1/2,3/4" ],"desc": "..2","geom": "line","label": "i","mult": 48 },{ "coord": [ "0,y,y","0,-y,y","0,y,-y","0,-y,-y","y,0,y","y,0,-y","-y,0,y","-y,0,-y","y,y,0","-y,y,0","y,-y,0","-y,-y,0" ],"desc": "m.m 2","geom": "line","label": "h","mult": 24 },{ "coord": [ "x,0,1/2","-x,0,1/2","1/2,x,0","1/2,-x,0","0,1/2,x","0,1/2,-x","0,x,1/2","0,-x,1/2","x,1/2,0","-x,1/2,0","1/2,0,-x","1/2,0,x" ],"desc": "mm2 . .","geom": "line","label": "g","mult": 24 },{ "coord": [ "x,x,x","-x,-x,x","-x,x,-x","x,-x,-x","x,x,-x","-x,-x,-x","x,-x,x","-x,x,x" ],"desc": ".3m","geom": "line","label": "f","mult": 16 },{ "coord": [ "x,0,0","-x,0,0","0,x,0","0,-x,0","0,0,x","0,0,-x" ],"desc": "4m. m","geom": "line","label": "e","mult": 12 },{ "coord": [ "1/4,0,1/2","3/4,0,1/2","1/2,1/4,0","1/2,3/4,0","0,1/2,1/4","0,1/2,3/4" ],"desc": "-4m. 2","geom": "point","label": "d","mult": 12 },{ "coord": [ "1/4,1/4,1/4","3/4,3/4,1/4","3/4,1/4,3/4","1/4,3/4,3/4" ],"desc": ".-3m","geom": "point","label": "c","mult": 8 },{ "coord": [ "0,1/2,1/2","1/2,0,1/2","1/2,1/2,0" ],"desc": "4/mm. m","geom": "point","label": "b","mult": 6 },{ "coord": [ "0,0,0" ],"desc": "m-3m","geom": "point","label": "a","mult": 2 } ] } } ],"n": 1,"sg": 229 }