{ "its": [ { "gen": [ "x,y,z","-x+1/2,-y,z+1/2","-x,y+1/2,-z+1/2","z,x,y","y+3/4,x+1/4,-z+1/4" ],"gp": [ "x,y,z","-x+1/2,-y,z+1/2","-x,y+1/2,-z+1/2","x+1/2,-y+1/2,-z","z,x,y","z+1/2,-x+1/2,-y","-z+1/2,-x,y+1/2","-z,x+1/2,-y+1/2","y,z,x","-y,z+1/2,-x+1/2","y+1/2,-z+1/2,-x","-y+1/2,-z,x+1/2","y+3/4,x+1/4,-z+1/4","-y+3/4,-x+3/4,-z+3/4","y+1/4,-x+1/4,z+3/4","-y+1/4,x+3/4,z+1/4","x+3/4,z+1/4,-y+1/4","-x+1/4,z+3/4,y+1/4","-x+3/4,-z+3/4,-y+3/4","x+1/4,-z+1/4,y+3/4","z+3/4,y+1/4,-x+1/4","z+1/4,-y+1/4,x+3/4","-z+1/4,y+3/4,x+1/4","-z+3/4,-y+3/4,-x+3/4" ],"id": "P4132","itaFull": "213","set": 1,"sg": 213,"tm": "a,b,c","u": "P 41 3 2","wpos": { "pos": [ { "desc": "1","geom": "general","label": "e","mult": 24 },{ "coord": [ "1/8,y,y+1/4","3/8,-y,y+3/4","7/8,y+1/2,-y+1/4","5/8,-y+1/2,-y+3/4","y+1/4,1/8,y","y+3/4,3/8,-y","-y+1/4,7/8,y+1/2","-y+3/4,5/8,-y+1/2","y,y+1/4,1/8","-y,y+3/4,3/8","y+1/2,-y+1/4,7/8","-y+1/2,-y+3/4,5/8" ],"desc": "..2","geom": "line","label": "d","mult": 12 },{ "coord": [ "x,x,x","-x+1/2,-x,x+1/2","-x,x+1/2,-x+1/2","x+1/2,-x+1/2,-x","x+3/4,x+1/4,-x+1/4","-x+3/4,-x+3/4,-x+3/4","x+1/4,-x+1/4,x+3/4","-x+1/4,x+3/4,x+1/4" ],"desc": ".3.","geom": "line","label": "c","mult": 8 },{ "coord": [ "7/8,7/8,7/8","5/8,1/8,3/8","1/8,3/8,5/8","3/8,5/8,1/8" ],"desc": ".32","geom": "point","label": "b","mult": 4 },{ "coord": [ "3/8,3/8,3/8","1/8,5/8,7/8","5/8,7/8,1/8","7/8,1/8,5/8" ],"desc": ".32","geom": "point","label": "a","mult": 4 } ] } } ],"n": 1,"sg": 213 }