{ "its": [ { "gen": [ "x,y,z","-x,-y,z","-x,y,-z","z,x,y","y+1/2,x+1/2,z+1/2" ],"gp": [ "x,y,z","-x,-y,z","-x,y,-z","x,-y,-z","z,x,y","z,-x,-y","-z,-x,y","-z,x,-y","y,z,x","-y,z,-x","y,-z,-x","-y,-z,x","y+1/2,x+1/2,z+1/2","-y+1/2,-x+1/2,z+1/2","y+1/2,-x+1/2,-z+1/2","-y+1/2,x+1/2,-z+1/2","x+1/2,z+1/2,y+1/2","-x+1/2,z+1/2,-y+1/2","-x+1/2,-z+1/2,y+1/2","x+1/2,-z+1/2,-y+1/2","z+1/2,y+1/2,x+1/2","z+1/2,-y+1/2,-x+1/2","-z+1/2,y+1/2,-x+1/2","-z+1/2,-y+1/2,x+1/2" ],"id": "P-43n","itaFull": "218","set": 1,"sg": 218,"tm": "a,b,c","u": "P -4 3 n","wpos": { "pos": [ { "desc": "1","geom": "general","label": "i","mult": 24 },{ "coord": [ "x,0,1/2","-x,0,1/2","1/2,x,0","1/2,-x,0","0,1/2,x","0,1/2,-x","1/2,x+1/2,0","1/2,-x+1/2,0","x+1/2,0,1/2","-x+1/2,0,1/2","0,1/2,x+1/2","0,1/2,-x+1/2" ],"desc": "2..","geom": "line","label": "h","mult": 12 },{ "coord": [ "x,1/2,0","-x,1/2,0","0,x,1/2","0,-x,1/2","1/2,0,x","1/2,0,-x","0,x+1/2,1/2","0,-x+1/2,1/2","x+1/2,1/2,0","-x+1/2,1/2,0","1/2,0,x+1/2","1/2,0,-x+1/2" ],"desc": "2..","geom": "line","label": "g","mult": 12 },{ "coord": [ "x,0,0","-x,0,0","0,x,0","0,-x,0","0,0,x","0,0,-x","1/2,x+1/2,1/2","1/2,-x+1/2,1/2","x+1/2,1/2,1/2","-x+1/2,1/2,1/2","1/2,1/2,x+1/2","1/2,1/2,-x+1/2" ],"desc": "2..","geom": "line","label": "f","mult": 12 },{ "coord": [ "x,x,x","-x,-x,x","-x,x,-x","x,-x,-x","x+1/2,x+1/2,x+1/2","-x+1/2,-x+1/2,x+1/2","x+1/2,-x+1/2,-x+1/2","-x+1/2,x+1/2,-x+1/2" ],"desc": ".3.","geom": "line","label": "e","mult": 8 },{ "coord": [ "1/4,0,1/2","3/4,0,1/2","1/2,1/4,0","1/2,3/4,0","0,1/2,1/4","0,1/2,3/4" ],"desc": "-4..","geom": "point","label": "d","mult": 6 },{ "coord": [ "1/4,1/2,0","3/4,1/2,0","0,1/4,1/2","0,3/4,1/2","1/2,0,1/4","1/2,0,3/4" ],"desc": "-4..","geom": "point","label": "c","mult": 6 },{ "coord": [ "0,1/2,1/2","1/2,0,1/2","1/2,1/2,0","0,1/2,0","1/2,0,0","0,0,1/2" ],"desc": "222 . .","geom": "point","label": "b","mult": 6 },{ "coord": [ "0,0,0","1/2,1/2,1/2" ],"desc": "23.","geom": "point","label": "a","mult": 2 } ] } } ],"n": 1,"sg": 218 }