{ "its": [ { "gen": [ "x,y,z","-x,-y,z","x+1/2,-y+1/2,z+1/2" ],"gp": [ "x,y,z","-x,-y,z","x+1/2,-y+1/2,z+1/2","-x+1/2,y+1/2,z+1/2" ],"id": "Pnn2","itaFull": "34","set": 1,"sg": 34,"tm": "a,b,c","u": "P n n 2","wpos": { "pos": [ { "desc": "1","geom": "general","label": "c","mult": 4 },{ "coord": [ "0,1/2,z","1/2,0,z+1/2" ],"desc": "..2","geom": "line","label": "b","mult": 2 },{ "coord": [ "0,0,z","1/2,1/2,z+1/2" ],"desc": "..2","geom": "line","label": "a","mult": 2 } ] } },{ "gen": [ "x,y,z","x,-y,-z","x+1/2,y+1/2,-z+1/2" ],"gp": [ "x,y,z","x,-y,-z","x+1/2,y+1/2,-z+1/2","x+1/2,-y+1/2,z+1/2" ],"id": "P2nn","itaFull": "34:cab","set": 2,"sg": 34,"tm": "c,a,b","u": "P 2 n n","wpos": { "pos": [ { "desc": "1","geom": "general","label": "c","mult": 4 },{ "coord": [ "z,0,1/2","z+1/2,1/2,0" ],"desc": "..2","geom": "line","label": "b","mult": 2 },{ "coord": [ "z,0,0","z+1/2,1/2,1/2" ],"desc": "..2","geom": "line","label": "a","mult": 2 } ] } },{ "gen": [ "x,y,z","-x,y,-z","-x+1/2,y+1/2,z+1/2" ],"gp": [ "x,y,z","-x,y,-z","-x+1/2,y+1/2,z+1/2","x+1/2,y+1/2,-z+1/2" ],"id": "Pn2n","itaFull": "34:bca","set": 3,"sg": 34,"tm": "b,c,a","u": "P n 2 n","wpos": { "pos": [ { "desc": "1","geom": "general","label": "c","mult": 4 },{ "coord": [ "1/2,z,0","0,z+1/2,1/2" ],"desc": "..2","geom": "line","label": "b","mult": 2 },{ "coord": [ "0,z,0","1/2,z+1/2,1/2" ],"desc": "..2","geom": "line","label": "a","mult": 2 } ] } } ],"n": 3,"sg": 34 }