{ "its": [ { "gen": [ "x,y,z","-x,-y,z","-x+1/2,y+1/2,-z" ],"gp": [ "x,y,z","-x,-y,z","-x+1/2,y+1/2,-z","x+1/2,-y+1/2,-z" ],"id": "P21212","itaFull": "18","set": 1,"sg": 18,"tm": "a,b,c","u": "P 21 21 2","wpos": { "pos": [ { "desc": "1","geom": "general","label": "c","mult": 4 },{ "coord": [ "0,1/2,z","1/2,0,-z" ],"desc": "..2","geom": "line","label": "b","mult": 2 },{ "coord": [ "0,0,z","1/2,1/2,-z" ],"desc": "..2","geom": "line","label": "a","mult": 2 } ] } },{ "gen": [ "x,y,z","x,-y,-z","-x,-y+1/2,z+1/2" ],"gp": [ "x,y,z","x,-y,-z","-x,-y+1/2,z+1/2","-x,y+1/2,-z+1/2" ],"id": "P22121","itaFull": "18:cab","set": 2,"sg": 18,"tm": "c,a,b","u": "P 2 21 21","wpos": { "pos": [ { "desc": "1","geom": "general","label": "c","mult": 4 },{ "coord": [ "z,0,1/2","-z,1/2,0" ],"desc": "..2","geom": "line","label": "b","mult": 2 },{ "coord": [ "z,0,0","-z,1/2,1/2" ],"desc": "..2","geom": "line","label": "a","mult": 2 } ] } },{ "gen": [ "x,y,z","-x,y,-z","x+1/2,-y,-z+1/2" ],"gp": [ "x,y,z","-x,y,-z","x+1/2,-y,-z+1/2","-x+1/2,-y,z+1/2" ],"id": "P21221","itaFull": "18:bca","set": 3,"sg": 18,"tm": "b,c,a","u": "P 21 2 21","wpos": { "pos": [ { "desc": "1","geom": "general","label": "c","mult": 4 },{ "coord": [ "1/2,z,0","0,-z,1/2" ],"desc": "..2","geom": "line","label": "b","mult": 2 },{ "coord": [ "0,z,0","1/2,-z,1/2" ],"desc": "..2","geom": "line","label": "a","mult": 2 } ] } } ],"n": 3,"sg": 18 }