{ "its": [ { "gen": [ "x,y,z","-x,-y,z","-x,y,-z","z,x,y","x+1/2,y+1/2,z+1/2" ],"gp": [ "x,y,z","-x,-y,z","-x,y,-z","x,-y,-z","z,x,y","z,-x,-y","-z,-x,y","-z,x,-y","y,z,x","-y,z,-x","y,-z,-x","-y,-z,x","x+1/2,y+1/2,z+1/2","-x+1/2,-y+1/2,z+1/2","-x+1/2,y+1/2,-z+1/2","x+1/2,-y+1/2,-z+1/2","z+1/2,x+1/2,y+1/2","z+1/2,-x+1/2,-y+1/2","-z+1/2,-x+1/2,y+1/2","-z+1/2,x+1/2,-y+1/2","y+1/2,z+1/2,x+1/2","-y+1/2,z+1/2,-x+1/2","y+1/2,-z+1/2,-x+1/2","-y+1/2,-z+1/2,x+1/2" ],"id": "I23","itaFull": "197","set": 1,"sg": 197,"tm": "a,b,c","u": "I 2 3","wpos": { "cent": [ "1/2,1/2,1/2" ],"pos": [ { "desc": "1","geom": "general","label": "f","mult": 24 },{ "coord": [ "x,1/2,0","-x,1/2,0","0,x,1/2","0,-x,1/2","1/2,0,x","1/2,0,-x" ],"desc": "2..","geom": "line","label": "e","mult": 12 },{ "coord": [ "x,0,0","-x,0,0","0,x,0","0,-x,0","0,0,x","0,0,-x" ],"desc": "2..","geom": "line","label": "d","mult": 12 },{ "coord": [ "x,x,x","-x,-x,x","-x,x,-x","x,-x,-x" ],"desc": ".3.","geom": "line","label": "c","mult": 8 },{ "coord": [ "0,1/2,1/2","1/2,0,1/2","1/2,1/2,0" ],"desc": "222 . .","geom": "point","label": "b","mult": 6 },{ "coord": [ "0,0,0" ],"desc": "23.","geom": "point","label": "a","mult": 2 } ] } } ],"n": 1,"sg": 197 }