{ "its": [ { "gen": [ "x,y,z","-x+1/2,-y+1/2,z","-y+1/2,x,z","-x,y+1/2,-z","-x,-y,-z" ],"gp": [ "x,y,z","-x+1/2,-y+1/2,z","-y+1/2,x,z","y,-x+1/2,z","-x,y+1/2,-z","x+1/2,-y,-z","y+1/2,x+1/2,-z","-y,-x,-z","-x,-y,-z","x+1/2,y+1/2,-z","y+1/2,-x,-z","-y,x+1/2,-z","x,-y+1/2,z","-x+1/2,y,z","-y+1/2,-x+1/2,z","y,x,z" ],"id": "P4/nmm","itaFull": "129:2","set": 1,"sg": 129,"tm": "a,b,c","u": "P 4/n m m  [origin 2]","wpos": { "pos": [ { "desc": "1","geom": "general","label": "k","mult": 16 },{ "coord": [ "x,x,z","-x+1/2,-x+1/2,z","-x+1/2,x,z","x,-x+1/2,z","-x,x+1/2,-z","x+1/2,-x,-z","x+1/2,x+1/2,-z","-x,-x,-z" ],"desc": "..m","geom": "plane","label": "j","mult": 8 },{ "coord": [ "1/4,y,z","1/4,-y+1/2,z","-y+1/2,1/4,z","y,1/4,z","3/4,y+1/2,-z","3/4,-y,-z","y+1/2,3/4,-z","-y,3/4,-z" ],"desc": ".m.","geom": "plane","label": "i","mult": 8 },{ "coord": [ "x,-x,1/2","-x+1/2,x+1/2,1/2","x+1/2,x,1/2","-x,-x+1/2,1/2","-x,x,1/2","x+1/2,-x+1/2,1/2","-x+1/2,-x,1/2","x,x+1/2,1/2" ],"desc": "..2","geom": "line","label": "h","mult": 8 },{ "coord": [ "x,-x,0","-x+1/2,x+1/2,0","x+1/2,x,0","-x,-x+1/2,0","-x,x,0","x+1/2,-x+1/2,0","-x+1/2,-x,0","x,x+1/2,0" ],"desc": "..2","geom": "line","label": "g","mult": 8 },{ "coord": [ "3/4,1/4,z","1/4,3/4,z","1/4,3/4,-z","3/4,1/4,-z" ],"desc": "2mm .","geom": "line","label": "f","mult": 4 },{ "coord": [ "0,0,1/2","1/2,1/2,1/2","1/2,0,1/2","0,1/2,1/2" ],"desc": "..2/m","geom": "point","label": "e","mult": 4 },{ "coord": [ "0,0,0","1/2,1/2,0","1/2,0,0","0,1/2,0" ],"desc": "..2/m","geom": "point","label": "d","mult": 4 },{ "coord": [ "1/4,1/4,z","3/4,3/4,-z" ],"desc": "4mm","geom": "line","label": "c","mult": 2 },{ "coord": [ "3/4,1/4,1/2","1/4,3/4,1/2" ],"desc": "-4m2","geom": "point","label": "b","mult": 2 },{ "coord": [ "3/4,1/4,0","1/4,3/4,0" ],"desc": "-4m2","geom": "point","label": "a","mult": 2 } ] } },{ "gen": [ "x,y,z","-x,-y+1/2,z","-y+1/4,x+1/4,z","-y-1/4,-x+1/4,-z","-x,-y,-z","x+1/2,y+1/2,z","-x+1/2,-y+1,z","-y+3/4,x+3/4,z","-y+1/4,-x+3/4,-z","-x+1/2,-y+1/2,-z" ],"gp": [ "x,y,z","-x,-y+1/2,z","-y+1/4,x+1/4,z","y-1/4,-x+1/4,z","-y-1/4,-x+1/4,-z","y+1/4,x+1/4,-z","-x,y+1/2,-z","x,-y,-z","-x,-y,-z","x,y+1/2,-z","y+1/4,-x+1/4,-z","-y-1/4,x+1/4,-z","y-1/4,x+1/4,z","-y+1/4,-x+1/4,z","x,-y+1/2,z","-x,y,z","x+1/2,y+1/2,z","-y+3/4,x+3/4,z","y+1/4,-x+3/4,z","-y+1/4,-x+3/4,-z","y+3/4,x+3/4,-z","x+1/2,-y+1/2,-z","-x+1/2,-y+1/2,-z","y+3/4,-x+3/4,-z","-y+1/4,x+3/4,-z","y+1/4,x+3/4,z","-y+3/4,-x+3/4,z","-x+1/2,y+1/2,z" ],"id": "C4/emm:2","itaFull": "ita?.","set": 2,"sg": 129,"tm": "a-b,a+b,c","u": "C 4/e m m :2","wpos": { "pos": [ { "desc": "1","geom": "general","label": "k","mult": 16 },{ "coord": [ "0,x,z","0,-x+1/2,z","-x+1/4,1/4,z","x+3/4,1/4,z","-x+3/4,1/4,-z","x+1/4,1/4,-z","0,x+1/2,-z","0,-x,-z" ],"desc": "..m","geom": "plane","label": "j","mult": 8 },{ "coord": [ "-1/2y+1/8,1/2y+1/8,z","1/2y+7/8,-1/2y+3/8,z","-1/2y+1/8,-1/2y+3/8,z","1/2y+7/8,1/2y+1/8,z","-1/2y+1/8,1/2y+5/8,-z","1/2y+3/8,-1/2y+3/8,-z","1/2y+7/8,1/2y+5/8,-z","-1/2y+5/8,-1/2y+3/8,-z" ],"desc": ".m.","geom": "plane","label": "i","mult": 8 },{ "coord": [ "x,0,1/2","-x,1/2,1/2","1/4,x+1/4,1/2","3/4,-x+1/4,1/2","-x,0,1/2","x,1/2,1/2","1/4,-x+1/4,1/2","3/4,x+1/4,1/2" ],"desc": "..2","geom": "line","label": "h","mult": 8 },{ "coord": [ "x,0,0","-x,1/2,0","1/4,x+1/4,0","3/4,-x+1/4,0","-x,0,0","x,1/2,0","1/4,-x+1/4,0","3/4,x+1/4,0" ],"desc": "..2","geom": "line","label": "g","mult": 8 },{ "coord": [ "1/4,1/2,z","3/4,1/2,z","3/4,1/2,-z","1/4,1/2,-z" ],"desc": "2mm .","geom": "line","label": "f","mult": 4 },{ "coord": [ "0,0,1/2","0,1/2,1/2","1/4,1/4,1/2","3/4,1/4,1/2" ],"desc": "..2/m","geom": "point","label": "e","mult": 4 },{ "coord": [ "0,0,0","0,1/2,0","1/4,1/4,0","3/4,1/4,0" ],"desc": "..2/m","geom": "point","label": "d","mult": 4 },{ "coord": [ "0,1/4,z","0,3/4,-z" ],"desc": "4mm","geom": "line","label": "c","mult": 2 },{ "coord": [ "1/4,1/2,1/2","3/4,1/2,1/2" ],"desc": "-4m2","geom": "point","label": "b","mult": 2 },{ "coord": [ "1/4,1/2,0","3/4,1/2,0" ],"desc": "-4m2","geom": "point","label": "a","mult": 2 } ] } },{ "gen": [ "x,y,z","-x+1,-y,z","-y+1/2,x-1/2,z","-x+1/2,y+1/2,-z","-x+1/2,-y-1/2,-z" ],"gp": [ "x,y,z","-y+1/2,x-1/2,z","y+1/2,-x+1/2,z","-x+1/2,y+1/2,-z","x+1/2,-y-1/2,-z","-y,-x,-z","-x+1/2,-y-1/2,-z","x+1/2,y+1/2,-z","-y,x,-z","x,-y,z","-y+1/2,-x+1/2,z","y+1/2,x-1/2,z" ],"id": "P4/nmm:1","itaFull": "ita?.","set": 3,"sg": 129,"tm": "a-1/4,b+1/4,c","u": "P 4/n m m :1","wpos": { "pos": [ { "desc": "1","geom": "general","label": "k","mult": 16 },{ "coord": [ "x+1/4,x+3/4,z","-x+3/4,-x+1/4,z","-x+3/4,x+3/4,z","x+1/4,-x+1/4,z","-x+1/4,x+1/4,-z","x+3/4,-x+3/4,-z","x+3/4,x+1/4,-z","-x+1/4,-x+3/4,-z" ],"desc": "..m","geom": "plane","label": "j","mult": 8 },{ "coord": [ "1/2,y+3/4,z","1/2,-y+1/4,z","-y+3/4,0,z","y+1/4,0,z","0,y+1/4,-z","0,-y+3/4,-z","y+3/4,1/2,-z","-y+1/4,1/2,-z" ],"desc": ".m.","geom": "plane","label": "i","mult": 8 },{ "coord": [ "x+1/4,-x+3/4,1/2","-x+3/4,x+1/4,1/2","x+3/4,x+3/4,1/2","-x+1/4,-x+1/4,1/2","-x+1/4,x+3/4,1/2","x+3/4,-x+1/4,1/2","-x+3/4,-x+3/4,1/2","x+1/4,x+1/4,1/2" ],"desc": "..2","geom": "line","label": "h","mult": 8 },{ "coord": [ "x+1/4,-x+3/4,0","-x+3/4,x+1/4,0","x+3/4,x+3/4,0","-x+1/4,-x+1/4,0","-x+1/4,x+3/4,0","x+3/4,-x+1/4,0","-x+3/4,-x+3/4,0","x+1/4,x+1/4,0" ],"desc": "..2","geom": "line","label": "g","mult": 8 },{ "coord": [ "0,0,z","1/2,1/2,z","1/2,1/2,-z","0,0,-z" ],"desc": "2mm .","geom": "line","label": "f","mult": 4 },{ "coord": [ "1/4,3/4,1/2","3/4,1/4,1/2","3/4,3/4,1/2","1/4,1/4,1/2" ],"desc": "..2/m","geom": "point","label": "e","mult": 4 },{ "coord": [ "1/4,3/4,0","3/4,1/4,0","3/4,3/4,0","1/4,1/4,0" ],"desc": "..2/m","geom": "point","label": "d","mult": 4 },{ "coord": [ "1/2,0,z","0,1/2,-z" ],"desc": "4mm","geom": "line","label": "c","mult": 2 },{ "coord": [ "0,0,1/2","1/2,1/2,1/2" ],"desc": "-4m2","geom": "point","label": "b","mult": 2 },{ "coord": [ "0,0,0","1/2,1/2,0" ],"desc": "-4m2","geom": "point","label": "a","mult": 2 } ] } },{ "gen": [ "x,y,z","-x+1/2,-y+1/2,z","-y+1/2,x,z","-y,-x+1/2,-z","-x+1/2,-y,-z","x+1/2,y+1/2,z","-x+1,-y+1,z","-y+1,x+1/2,z","-y+1/2,-x+1,-z","-x+1,-y+1/2,-z" ],"gp": [ "x,y,z","-x+1/2,-y+1/2,z","-y+1/2,x,z","y,-x+1/2,z","-y,-x+1/2,-z","y+1/2,x,-z","-x+1/2,y+1/2,-z","x,-y,-z","-x+1/2,-y,-z","x,y+1/2,-z","y+1/2,-x+1/2,-z","-y,x,-z","y,x,z","-y+1/2,-x+1/2,z","x,-y+1/2,z","-x+1/2,y,z","x+1/2,y+1/2,z","x+1/2,-y+1/2,-z","-y+1/2,x+1/2,-z","y+1/2,x+1/2,z" ],"id": "C4/emm:1","itaFull": "ita?.","set": 4,"sg": 129,"tm": "a-b-1/4,a+b+1/4,c","u": "C 4/e m m :1","wpos": { "pos": [ { "desc": "1","geom": "general","label": "k","mult": 16 },{ "coord": [ "1/4,x,z","1/4,-x+1/2,z","-x+1/2,1/4,z","x,1/4,z","-x,1/4,-z","x+1/2,1/4,-z","1/4,x+1/2,-z","1/4,-x,-z" ],"desc": "..m","geom": "plane","label": "j","mult": 8 },{ "coord": [ "-1/2y+3/8,1/2y+1/8,z","1/2y+1/8,-1/2y+3/8,z","-1/2y+3/8,-1/2y+3/8,z","1/2y+1/8,1/2y+1/8,z","-1/2y+3/8,1/2y+5/8,-z","1/2y+5/8,-1/2y+3/8,-z","1/2y+1/8,1/2y+5/8,-z","-1/2y+7/8,-1/2y+3/8,-z" ],"desc": ".m.","geom": "plane","label": "i","mult": 8 },{ "coord": [ "x+1/4,0,1/2","-x+1/4,1/2,1/2","1/2,x+1/4,1/2","0,-x+1/4,1/2","-x+1/4,0,1/2","x+1/4,1/2,1/2","1/2,-x+1/4,1/2","0,x+1/4,1/2" ],"desc": "..2","geom": "line","label": "h","mult": 8 },{ "coord": [ "x+1/4,0,0","-x+1/4,1/2,0","1/2,x+1/4,0","0,-x+1/4,0","-x+1/4,0,0","x+1/4,1/2,0","1/2,-x+1/4,0","0,x+1/4,0" ],"desc": "..2","geom": "line","label": "g","mult": 8 },{ "coord": [ "1/2,1/2,z","0,1/2,z","0,1/2,-z","1/2,1/2,-z" ],"desc": "2mm .","geom": "line","label": "f","mult": 4 },{ "coord": [ "1/4,0,1/2","1/4,1/2,1/2","1/2,1/4,1/2","0,1/4,1/2" ],"desc": "..2/m","geom": "point","label": "e","mult": 4 },{ "coord": [ "1/4,0,0","1/4,1/2,0","1/2,1/4,0","0,1/4,0" ],"desc": "..2/m","geom": "point","label": "d","mult": 4 },{ "coord": [ "1/4,1/4,z","1/4,3/4,-z" ],"desc": "4mm","geom": "line","label": "c","mult": 2 },{ "coord": [ "1/2,1/2,1/2","0,1/2,1/2" ],"desc": "-4m2","geom": "point","label": "b","mult": 2 },{ "coord": [ "1/2,1/2,0","0,1/2,0" ],"desc": "-4m2","geom": "point","label": "a","mult": 2 } ] } } ],"n": 4,"sg": 129 }