{ "its": [ { "gen": [ "x,y,z","-x,-y,-z" ],"gp": [ "x,y,z","-x,-y,-z" ],"id": "P-1","itaFull": "2","set": 1,"sg": 2,"tm": "a,b,c","u": "P -1","wpos": { "pos": [ { "desc": "1","geom": "general","label": "i","mult": 2 },{ "coord": [ "1/2,1/2,1/2" ],"desc": "-1","geom": "point","label": "h","mult": 1 },{ "coord": [ "0,1/2,1/2" ],"desc": "-1","geom": "point","label": "g","mult": 1 },{ "coord": [ "1/2,0,1/2" ],"desc": "-1","geom": "point","label": "f","mult": 1 },{ "coord": [ "1/2,1/2,0" ],"desc": "-1","geom": "point","label": "e","mult": 1 },{ "coord": [ "1/2,0,0" ],"desc": "-1","geom": "point","label": "d","mult": 1 },{ "coord": [ "0,1/2,0" ],"desc": "-1","geom": "point","label": "c","mult": 1 },{ "coord": [ "0,0,1/2" ],"desc": "-1","geom": "point","label": "b","mult": 1 },{ "coord": [ "0,0,0" ],"desc": "-1","geom": "point","label": "a","mult": 1 } ] } } ],"n": 1,"sg": 2 }