{ "its": [ { "gen": [ "x,y,z","-x,-y,z","-y,x,z","-x,y,-z+1/2","-x,-y,-z","x+1/2,y+1/2,z+1/2" ],"gp": [ "x,y,z","-x,-y,z","-y,x,z","y,-x,z","-x,y,-z+1/2","x,-y,-z+1/2","y,x,-z+1/2","-y,-x,-z+1/2","-x,-y,-z","x,y,-z","y,-x,-z","-y,x,-z","x,-y,z+1/2","-x,y,z+1/2","-y,-x,z+1/2","y,x,z+1/2","x+1/2,y+1/2,z+1/2","-x+1/2,-y+1/2,z+1/2","-y+1/2,x+1/2,z+1/2","y+1/2,-x+1/2,z+1/2","-x+1/2,y+1/2,-z","x+1/2,-y+1/2,-z","y+1/2,x+1/2,-z","-y+1/2,-x+1/2,-z","-x+1/2,-y+1/2,-z+1/2","x+1/2,y+1/2,-z+1/2","y+1/2,-x+1/2,-z+1/2","-y+1/2,x+1/2,-z+1/2","x+1/2,-y+1/2,z","-x+1/2,y+1/2,z","-y+1/2,-x+1/2,z","y+1/2,x+1/2,z" ],"id": "I4/mcm","itaFull": "140","set": 1,"sg": 140,"tm": "a,b,c","u": "I 4/m c m","wpos": { "cent": [ "1/2,1/2,1/2" ],"pos": [ { "desc": "1","geom": "general","label": "m","mult": 32 },{ "coord": [ "x,x+1/2,z","-x,-x+1/2,z","-x+1/2,x,z","x+1/2,-x,z","-x,x+1/2,-z+1/2","x,-x+1/2,-z+1/2","x+1/2,x,-z+1/2","-x+1/2,-x,-z+1/2" ],"desc": "..m","geom": "plane","label": "l","mult": 16 },{ "coord": [ "x,y,0","-x,-y,0","-y,x,0","y,-x,0","-x,y,1/2","x,-y,1/2","y,x,1/2","-y,-x,1/2" ],"desc": "m..","geom": "plane","label": "k","mult": 16 },{ "coord": [ "x,0,1/4","-x,0,1/4","0,x,1/4","0,-x,1/4","-x,0,3/4","x,0,3/4","0,-x,3/4","0,x,3/4" ],"desc": ".2.","geom": "line","label": "j","mult": 16 },{ "coord": [ "x,x,1/4","-x,-x,1/4","-x,x,1/4","x,-x,1/4","-x,-x,3/4","x,x,3/4","x,-x,3/4","-x,x,3/4" ],"desc": "..2","geom": "line","label": "i","mult": 16 },{ "coord": [ "x,x+1/2,0","-x,-x+1/2,0","-x+1/2,x,0","x+1/2,-x,0" ],"desc": "m.2 m","geom": "line","label": "h","mult": 8 },{ "coord": [ "0,1/2,z","1/2,0,z","0,1/2,-z+1/2","1/2,0,-z+1/2" ],"desc": "2.m m","geom": "line","label": "g","mult": 8 },{ "coord": [ "0,0,z","0,0,-z+1/2","0,0,-z","0,0,z+1/2" ],"desc": "4..","geom": "line","label": "f","mult": 8 },{ "coord": [ "1/4,1/4,1/4","3/4,3/4,1/4","3/4,1/4,1/4","1/4,3/4,1/4" ],"desc": "..2/m","geom": "point","label": "e","mult": 8 },{ "coord": [ "0,1/2,0","1/2,0,0" ],"desc": "m.m m","geom": "point","label": "d","mult": 4 },{ "coord": [ "0,0,0","0,0,1/2" ],"desc": "4/m..","geom": "point","label": "c","mult": 4 },{ "coord": [ "0,1/2,1/4","1/2,0,1/4" ],"desc": "-42m","geom": "point","label": "b","mult": 4 },{ "coord": [ "0,0,1/4","0,0,3/4" ],"desc": "422","geom": "point","label": "a","mult": 4 } ] } },{ "gen": [ "x,y,z","-x,-y,z","-y,x,z","-y,-x,-z+1/2","-x,-y,-z","x,y+1/2,z+1/2","x+1/2,y+1/2,z","-x+1/2,-y+1/2,z","-y+1/2,x+1/2,z","-y+1/2,-x+1/2,-z+1/2","-x+1/2,-y+1/2,-z","x+1/2,y+1,z+1/2" ],"gp": [ "x,y,z","-x,-y,z","-y,x,z","y,-x,z","-y,-x,-z+1/2","y,x,-z+1/2","-x,y,-z+1/2","x,-y,-z+1/2","-x,-y,-z","x,y,-z","y,-x,-z","-y,x,-z","y,x,z+1/2","-y,-x,z+1/2","x,-y,z+1/2","-x,y,z+1/2","x,y+1/2,z+1/2","-x,-y+1/2,z+1/2","-y,x+1/2,z+1/2","y,-x+1/2,z+1/2","-y,-x+1/2,-z","y,x+1/2,-z","-x,y+1/2,-z","x,-y+1/2,-z","-x,-y+1/2,-z+1/2","x,y+1/2,-z+1/2","y,-x+1/2,-z+1/2","-y,x+1/2,-z+1/2","y,x+1/2,z","-y,-x+1/2,z","x,-y+1/2,z","-x,y+1/2,z","x+1/2,y+1/2,z","-x+1/2,-y+1/2,z","-y+1/2,x+1/2,z","y+1/2,-x+1/2,z","-y+1/2,-x+1/2,-z+1/2","y+1/2,x+1/2,-z+1/2","-x+1/2,y+1/2,-z+1/2","x+1/2,-y+1/2,-z+1/2","-x+1/2,-y+1/2,-z","x+1/2,y+1/2,-z","y+1/2,-x+1/2,-z","-y+1/2,x+1/2,-z","y+1/2,x+1/2,z+1/2","-y+1/2,-x+1/2,z+1/2","x+1/2,-y+1/2,z+1/2","-x+1/2,y+1/2,z+1/2" ],"id": "F4/mmc","itaFull": "ita?.","set": 2,"sg": 140,"tm": "a-b,a+b,c","u": "F 4/m m c","wpos": { "cent": [ "0,1/2,1/2" ],"pos": [ { "desc": "1","geom": "general","label": "m","mult": 32 },{ "coord": [ "3/4,x+1/4,z","3/4,-x+1/4,z","-x+1/4,1/4,z","x+1/4,1/4,z","-x+3/4,1/4,-z+1/2","x+3/4,1/4,-z+1/2","1/4,x+1/4,-z+1/2","1/4,-x+1/4,-z+1/2" ],"desc": "..m","geom": "plane","label": "l","mult": 16 },{ "coord": [ "1/2x-1/2y,1/2x+1/2y,0","-1/2x+1/2y,-1/2x-1/2y,0","-1/2x-1/2y,1/2x-1/2y,0","1/2x+1/2y,-1/2x+1/2y,0","-1/2x-1/2y,-1/2x+1/2y,1/2","1/2x+1/2y,1/2x-1/2y,1/2","-1/2x+1/2y,1/2x+1/2y,1/2","1/2x-1/2y,-1/2x-1/2y,1/2" ],"desc": "m..","geom": "plane","label": "k","mult": 16 },{ "coord": [ "1/2x,1/2x,1/4","-1/2x,-1/2x,1/4","-1/2x,1/2x,1/4","1/2x,-1/2x,1/4","-1/2x,-1/2x,3/4","1/2x,1/2x,3/4","1/2x,-1/2x,3/4","-1/2x,1/2x,3/4" ],"desc": ".2.","geom": "line","label": "j","mult": 16 },{ "coord": [ "0,x,1/4","0,-x,1/4","-x,0,1/4","x,0,1/4","0,-x,3/4","0,x,3/4","x,0,3/4","-x,0,3/4" ],"desc": "..2","geom": "line","label": "i","mult": 16 },{ "coord": [ "3/4,x+1/4,0","3/4,-x+1/4,0","-x+1/4,1/4,0","x+1/4,1/4,0" ],"desc": "m.2 m","geom": "line","label": "h","mult": 8 },{ "coord": [ "3/4,1/4,z","1/4,1/4,z","3/4,1/4,-z+1/2","1/4,1/4,-z+1/2" ],"desc": "2.m m","geom": "line","label": "g","mult": 8 },{ "coord": [ "0,0,z","0,0,-z+1/2","0,0,-z","0,0,z+1/2" ],"desc": "4..","geom": "line","label": "f","mult": 8 },{ "coord": [ "0,1/4,1/4","0,3/4,1/4","1/4,1/2,1/4","3/4,1/2,1/4" ],"desc": "..2/m","geom": "point","label": "e","mult": 8 },{ "coord": [ "3/4,1/4,0","1/4,1/4,0" ],"desc": "m.m m","geom": "point","label": "d","mult": 4 },{ "coord": [ "0,0,0","0,0,1/2" ],"desc": "4/m..","geom": "point","label": "c","mult": 4 },{ "coord": [ "3/4,1/4,1/4","1/4,1/4,1/4" ],"desc": "-42m","geom": "point","label": "b","mult": 4 },{ "coord": [ "0,0,1/4","0,0,3/4" ],"desc": "422","geom": "point","label": "a","mult": 4 } ] } } ],"n": 2,"sg": 140 }