{ "its": [ { "gen": [ "x,y,z","-x,-y,z","x+1/2,-y,z" ],"gp": [ "x,y,z","-x,-y,z","x+1/2,-y,z","-x+1/2,y,z" ],"id": "Pma2","itaFull": "28","set": 1,"sg": 28,"tm": "a,b,c","u": "P m a 2","wpos": { "pos": [ { "desc": "1","geom": "general","label": "d","mult": 4 },{ "coord": [ "1/4,y,z","3/4,-y,z" ],"desc": "m..","geom": "plane","label": "c","mult": 2 },{ "coord": [ "0,1/2,z","1/2,1/2,z" ],"desc": "..2","geom": "line","label": "b","mult": 2 },{ "coord": [ "0,0,z","1/2,0,z" ],"desc": "..2","geom": "line","label": "a","mult": 2 } ] } },{ "gen": [ "x,y,z","-x,-y,z","-x,y+1/2,z" ],"gp": [ "x,y,z","-x,-y,z","-x,y+1/2,z","x,-y+1/2,z" ],"id": "Pbm2","itaFull": "28:ba-c","set": 2,"sg": 28,"tm": "b,a,-c","u": "P b m 2","wpos": { "pos": [ { "desc": "1","geom": "general","label": "d","mult": 4 },{ "coord": [ "y,1/4,-z","-y,3/4,-z" ],"desc": "m..","geom": "plane","label": "c","mult": 2 },{ "coord": [ "1/2,0,-z","1/2,1/2,-z" ],"desc": "..2","geom": "line","label": "b","mult": 2 },{ "coord": [ "0,0,-z","0,1/2,-z" ],"desc": "..2","geom": "line","label": "a","mult": 2 } ] } },{ "gen": [ "x,y,z","x,-y,-z","x,y+1/2,-z" ],"gp": [ "x,y,z","x,-y,-z","x,y+1/2,-z","x,-y+1/2,z" ],"id": "P2mb","itaFull": "28:cab","set": 3,"sg": 28,"tm": "c,a,b","u": "P 2 m b","wpos": { "pos": [ { "desc": "1","geom": "general","label": "d","mult": 4 },{ "coord": [ "z,1/4,y","z,3/4,-y" ],"desc": "m..","geom": "plane","label": "c","mult": 2 },{ "coord": [ "z,0,1/2","z,1/2,1/2" ],"desc": "..2","geom": "line","label": "b","mult": 2 },{ "coord": [ "z,0,0","z,1/2,0" ],"desc": "..2","geom": "line","label": "a","mult": 2 } ] } },{ "gen": [ "x,y,z","x,-y,-z","x,-y,z+1/2" ],"gp": [ "x,y,z","x,-y,-z","x,-y,z+1/2","x,y,-z+1/2" ],"id": "P2cm","itaFull": "28:-cba","set": 4,"sg": 28,"tm": "-c,b,a","u": "P 2 c m","wpos": { "pos": [ { "desc": "1","geom": "general","label": "d","mult": 4 },{ "coord": [ "-z,y,1/4","-z,-y,3/4" ],"desc": "m..","geom": "plane","label": "c","mult": 2 },{ "coord": [ "-z,1/2,0","-z,1/2,1/2" ],"desc": "..2","geom": "line","label": "b","mult": 2 },{ "coord": [ "-z,0,0","-z,0,1/2" ],"desc": "..2","geom": "line","label": "a","mult": 2 } ] } },{ "gen": [ "x,y,z","-x,y,-z","-x,y,z+1/2" ],"gp": [ "x,y,z","-x,y,-z","-x,y,z+1/2","x,y,-z+1/2" ],"id": "Pc2m","itaFull": "28:bca","set": 5,"sg": 28,"tm": "b,c,a","u": "P c 2 m","wpos": { "pos": [ { "desc": "1","geom": "general","label": "d","mult": 4 },{ "coord": [ "y,z,1/4","-y,z,3/4" ],"desc": "m..","geom": "plane","label": "c","mult": 2 },{ "coord": [ "1/2,z,0","1/2,z,1/2" ],"desc": "..2","geom": "line","label": "b","mult": 2 },{ "coord": [ "0,z,0","0,z,1/2" ],"desc": "..2","geom": "line","label": "a","mult": 2 } ] } },{ "gen": [ "x,y,z","-x,y,-z","x+1/2,y,-z" ],"gp": [ "x,y,z","-x,y,-z","x+1/2,y,-z","-x+1/2,y,z" ],"id": "Pm2a","itaFull": "28:a-cb","set": 6,"sg": 28,"tm": "a,-c,b","u": "P m 2 a","wpos": { "pos": [ { "desc": "1","geom": "general","label": "d","mult": 4 },{ "coord": [ "1/4,-z,y","3/4,-z,-y" ],"desc": "m..","geom": "plane","label": "c","mult": 2 },{ "coord": [ "0,-z,1/2","1/2,-z,1/2" ],"desc": "..2","geom": "line","label": "b","mult": 2 },{ "coord": [ "0,-z,0","1/2,-z,0" ],"desc": "..2","geom": "line","label": "a","mult": 2 } ] } } ],"n": 6,"sg": 28 }