{ "its": [ { "gen": [ "x,y,z","-x,-y,z","y,-x,-z","-x,y,-z" ],"gp": [ "x,y,z","-x,-y,z","y,-x,-z","-y,x,-z","-x,y,-z","x,-y,-z","-y,-x,z","y,x,z" ],"id": "P-42m","itaFull": "111","set": 1,"sg": 111,"tm": "a,b,c","u": "P -4 2 m","wpos": { "pos": [ { "desc": "1","geom": "general","label": "o","mult": 8 },{ "coord": [ "x,x,z","-x,-x,z","x,-x,-z","-x,x,-z" ],"desc": "..m","geom": "plane","label": "n","mult": 4 },{ "coord": [ "0,1/2,z","1/2,0,-z","0,1/2,-z","1/2,0,z" ],"desc": "2..","geom": "line","label": "m","mult": 4 },{ "coord": [ "x,1/2,0","-x,1/2,0","1/2,-x,0","1/2,x,0" ],"desc": ".2.","geom": "line","label": "l","mult": 4 },{ "coord": [ "x,0,1/2","-x,0,1/2","0,-x,1/2","0,x,1/2" ],"desc": ".2.","geom": "line","label": "k","mult": 4 },{ "coord": [ "x,1/2,1/2","-x,1/2,1/2","1/2,-x,1/2","1/2,x,1/2" ],"desc": ".2.","geom": "line","label": "j","mult": 4 },{ "coord": [ "x,0,0","-x,0,0","0,-x,0","0,x,0" ],"desc": ".2.","geom": "line","label": "i","mult": 4 },{ "coord": [ "1/2,1/2,z","1/2,1/2,-z" ],"desc": "2.m m","geom": "line","label": "h","mult": 2 },{ "coord": [ "0,0,z","0,0,-z" ],"desc": "2.m m","geom": "line","label": "g","mult": 2 },{ "coord": [ "1/2,0,1/2","0,1/2,1/2" ],"desc": "222 .","geom": "point","label": "f","mult": 2 },{ "coord": [ "1/2,0,0","0,1/2,0" ],"desc": "222 .","geom": "point","label": "e","mult": 2 },{ "coord": [ "1/2,1/2,0" ],"desc": "-42m","geom": "point","label": "d","mult": 1 },{ "coord": [ "0,0,1/2" ],"desc": "-42m","geom": "point","label": "c","mult": 1 },{ "coord": [ "1/2,1/2,1/2" ],"desc": "-42m","geom": "point","label": "b","mult": 1 },{ "coord": [ "0,0,0" ],"desc": "-42m","geom": "point","label": "a","mult": 1 } ] } },{ "gen": [ "x,y,z","-x,-y,z","y,-x,-z","-y,-x,-z","x+1/2,y+1/2,z","-x+1/2,-y+1/2,z","y+1/2,-x+1/2,-z","-y+1/2,-x+1/2,-z" ],"gp": [ "x,y,z","-x,-y,z","y,-x,-z","-y,x,-z","-y,-x,-z","y,x,-z","x,-y,z","-x,y,z","x+1/2,y+1/2,z","-x+1/2,-y+1/2,z","y+1/2,-x+1/2,-z","-y+1/2,x+1/2,-z","-y+1/2,-x+1/2,-z","y+1/2,x+1/2,-z","x+1/2,-y+1/2,z","-x+1/2,y+1/2,z" ],"id": "C-4m2","itaFull": "ita?.","set": 2,"sg": 111,"tm": "a-b,a+b,c","u": "C -4 m 2","wpos": { "pos": [ { "desc": "1","geom": "general","label": "o","mult": 8 },{ "coord": [ "0,x,z","0,-x,z","x,0,-z","-x,0,-z" ],"desc": "..m","geom": "plane","label": "n","mult": 4 },{ "coord": [ "3/4,1/4,z","1/4,1/4,-z","3/4,1/4,-z","1/4,1/4,z" ],"desc": "2..","geom": "line","label": "m","mult": 4 },{ "coord": [ "1/2x+3/4,1/2x+1/4,0","-1/2x+3/4,-1/2x+1/4,0","1/2x+1/4,-1/2x+1/4,0","-1/2x+1/4,1/2x+1/4,0" ],"desc": ".2.","geom": "line","label": "l","mult": 4 },{ "coord": [ "1/2x,1/2x,1/2","-1/2x,-1/2x,1/2","1/2x,-1/2x,1/2","-1/2x,1/2x,1/2" ],"desc": ".2.","geom": "line","label": "k","mult": 4 },{ "coord": [ "1/2x+3/4,1/2x+1/4,1/2","-1/2x+3/4,-1/2x+1/4,1/2","1/2x+1/4,-1/2x+1/4,1/2","-1/2x+1/4,1/2x+1/4,1/2" ],"desc": ".2.","geom": "line","label": "j","mult": 4 },{ "coord": [ "1/2x,1/2x,0","-1/2x,-1/2x,0","1/2x,-1/2x,0","-1/2x,1/2x,0" ],"desc": ".2.","geom": "line","label": "i","mult": 4 },{ "coord": [ "0,1/2,z","0,1/2,-z" ],"desc": "2.m m","geom": "line","label": "h","mult": 2 },{ "coord": [ "0,0,z","0,0,-z" ],"desc": "2.m m","geom": "line","label": "g","mult": 2 },{ "coord": [ "1/4,1/4,1/2","3/4,1/4,1/2" ],"desc": "222 .","geom": "point","label": "f","mult": 2 },{ "coord": [ "1/4,1/4,0","3/4,1/4,0" ],"desc": "222 .","geom": "point","label": "e","mult": 2 },{ "coord": [ "0,1/2,0" ],"desc": "-42m","geom": "point","label": "d","mult": 1 },{ "coord": [ "0,0,1/2" ],"desc": "-42m","geom": "point","label": "c","mult": 1 },{ "coord": [ "0,1/2,1/2" ],"desc": "-42m","geom": "point","label": "b","mult": 1 },{ "coord": [ "0,0,0" ],"desc": "-42m","geom": "point","label": "a","mult": 1 } ] } } ],"n": 2,"sg": 111 }