{ "its": [ { "gen": [ "x,y,z","-x,-y,z","x,-y,z+1/2" ],"gp": [ "x,y,z","-x,-y,z","x,-y,z+1/2","-x,y,z+1/2" ],"id": "Pcc2","itaFull": "27","set": 1,"sg": 27,"tm": "a,b,c","u": "P c c 2","wpos": { "pos": [ { "desc": "1","geom": "general","label": "e","mult": 4 },{ "coord": [ "1/2,1/2,z","1/2,1/2,z+1/2" ],"desc": "..2","geom": "line","label": "d","mult": 2 },{ "coord": [ "1/2,0,z","1/2,0,z+1/2" ],"desc": "..2","geom": "line","label": "c","mult": 2 },{ "coord": [ "0,1/2,z","0,1/2,z+1/2" ],"desc": "..2","geom": "line","label": "b","mult": 2 },{ "coord": [ "0,0,z","0,0,z+1/2" ],"desc": "..2","geom": "line","label": "a","mult": 2 } ] } },{ "gen": [ "x,y,z","x,-y,-z","x+1/2,y,-z" ],"gp": [ "x,y,z","x,-y,-z","x+1/2,y,-z","x+1/2,-y,z" ],"id": "P2aa","itaFull": "27:cab","set": 2,"sg": 27,"tm": "c,a,b","u": "P 2 a a","wpos": { "pos": [ { "desc": "1","geom": "general","label": "e","mult": 4 },{ "coord": [ "z,1/2,1/2","z+1/2,1/2,1/2" ],"desc": "..2","geom": "line","label": "d","mult": 2 },{ "coord": [ "z,1/2,0","z+1/2,1/2,0" ],"desc": "..2","geom": "line","label": "c","mult": 2 },{ "coord": [ "z,0,1/2","z+1/2,0,1/2" ],"desc": "..2","geom": "line","label": "b","mult": 2 },{ "coord": [ "z,0,0","z+1/2,0,0" ],"desc": "..2","geom": "line","label": "a","mult": 2 } ] } },{ "gen": [ "x,y,z","-x,y,-z","-x,y+1/2,z" ],"gp": [ "x,y,z","-x,y,-z","-x,y+1/2,z","x,y+1/2,-z" ],"id": "Pb2b","itaFull": "27:bca","set": 3,"sg": 27,"tm": "b,c,a","u": "P b 2 b","wpos": { "pos": [ { "desc": "1","geom": "general","label": "e","mult": 4 },{ "coord": [ "1/2,z,1/2","1/2,z+1/2,1/2" ],"desc": "..2","geom": "line","label": "d","mult": 2 },{ "coord": [ "0,z,1/2","0,z+1/2,1/2" ],"desc": "..2","geom": "line","label": "c","mult": 2 },{ "coord": [ "1/2,z,0","1/2,z+1/2,0" ],"desc": "..2","geom": "line","label": "b","mult": 2 },{ "coord": [ "0,z,0","0,z+1/2,0" ],"desc": "..2","geom": "line","label": "a","mult": 2 } ] } } ],"n": 3,"sg": 27 }