{ "its": [ { "gen": [ "x,y,z","-x+3/4,-y+3/4,z","-x+3/4,y,-z+3/4","z,x,y","-x,-y,-z","x,y+1/2,z+1/2","x+1/2,y,z+1/2" ],"gp": [ "x,y,z","-x+3/4,-y+3/4,z","-x+3/4,y,-z+3/4","x,-y+3/4,-z+3/4","z,x,y","z,-x+3/4,-y+3/4","-z+3/4,-x+3/4,y","-z+3/4,x,-y+3/4","y,z,x","-y+3/4,z,-x+3/4","y,-z+3/4,-x+3/4","-y+3/4,-z+3/4,x","-x,-y,-z","x+1/4,y+1/4,-z","x+1/4,-y,z+1/4","-x,y+1/4,z+1/4","-z,-x,-y","-z,x+1/4,y+1/4","z+1/4,x+1/4,-y","z+1/4,-x,y+1/4","-y,-z,-x","y+1/4,-z,x+1/4","-y,z+1/4,x+1/4","y+1/4,z+1/4,-x","x,y+1/2,z+1/2","-x+3/4,-y+1/4,z+1/2","-x+3/4,y+1/2,-z+1/4","x,-y+1/4,-z+1/4","z,x+1/2,y+1/2","z,-x+1/4,-y+1/4","-z+3/4,-x+1/4,y+1/2","-z+3/4,x+1/2,-y+1/4","y,z+1/2,x+1/2","-y+3/4,z+1/2,-x+1/4","y,-z+1/4,-x+1/4","-y+3/4,-z+1/4,x+1/2","-x,-y+1/2,-z+1/2","x+1/4,y+3/4,-z+1/2","x+1/4,-y+1/2,z+3/4","-x,y+3/4,z+3/4","-z,-x+1/2,-y+1/2","-z,x+3/4,y+3/4","z+1/4,x+3/4,-y+1/2","z+1/4,-x+1/2,y+3/4","-y,-z+1/2,-x+1/2","y+1/4,-z+1/2,x+3/4","-y,z+3/4,x+3/4","y+1/4,z+3/4,-x+1/2","x+1/2,y,z+1/2","-x+1/4,-y+3/4,z+1/2","-x+1/4,y,-z+1/4","x+1/2,-y+3/4,-z+1/4","z+1/2,x,y+1/2","z+1/2,-x+3/4,-y+1/4","-z+1/4,-x+3/4,y+1/2","-z+1/4,x,-y+1/4","y+1/2,z,x+1/2","-y+1/4,z,-x+1/4","y+1/2,-z+3/4,-x+1/4","-y+1/4,-z+3/4,x+1/2","-x+1/2,-y,-z+1/2","x+3/4,y+1/4,-z+1/2","x+3/4,-y,z+3/4","-x+1/2,y+1/4,z+3/4","-z+1/2,-x,-y+1/2","-z+1/2,x+1/4,y+3/4","z+3/4,x+1/4,-y+1/2","z+3/4,-x,y+3/4","-y+1/2,-z,-x+1/2","y+3/4,-z,x+3/4","-y+1/2,z+1/4,x+3/4","y+3/4,z+1/4,-x+1/2","x+1/2,y+1/2,z","-x+1/4,-y+1/4,z","-x+1/4,y+1/2,-z+3/4","x+1/2,-y+1/4,-z+3/4","z+1/2,x+1/2,y","z+1/2,-x+1/4,-y+3/4","-z+1/4,-x+1/4,y","-z+1/4,x+1/2,-y+3/4","y+1/2,z+1/2,x","-y+1/4,z+1/2,-x+3/4","y+1/2,-z+1/4,-x+3/4","-y+1/4,-z+1/4,x","-x+1/2,-y+1/2,-z","x+3/4,y+3/4,-z","x+3/4,-y+1/2,z+1/4","-x+1/2,y+3/4,z+1/4","-z+1/2,-x+1/2,-y","-z+1/2,x+3/4,y+1/4","z+3/4,x+3/4,-y","z+3/4,-x+1/2,y+1/4","-y+1/2,-z+1/2,-x","y+3/4,-z+1/2,x+1/4","-y+1/2,z+3/4,x+1/4","y+3/4,z+3/4,-x" ],"id": "Fd-3","itaFull": "203:2","set": 1,"sg": 203,"tm": "a,b,c","u": "F d -3  [origin 2]","wpos": { "cent": [ "0,1/2,1/2","1/2,0,1/2","1/2,1/2,0" ],"pos": [ { "desc": "1","geom": "general","label": "g","mult": 96 },{ "coord": [ "x,1/8,1/8","-x+3/4,5/8,1/8","1/8,x,1/8","1/8,-x+3/4,5/8","1/8,1/8,x","5/8,1/8,-x+3/4","-x,7/8,7/8","x+1/4,3/8,7/8","7/8,-x,7/8","7/8,x+1/4,3/8","7/8,7/8,-x","3/8,7/8,x+1/4" ],"desc": "2..","geom": "line","label": "f","mult": 48 },{ "coord": [ "x,x,x","-x+3/4,-x+3/4,x","-x+3/4,x,-x+3/4","x,-x+3/4,-x+3/4","-x,-x,-x","x+1/4,x+1/4,-x","x+1/4,-x,x+1/4","-x,x+1/4,x+1/4" ],"desc": ".3.","geom": "line","label": "e","mult": 32 },{ "coord": [ "1/2,1/2,1/2","1/4,1/4,1/2","1/4,1/2,1/4","1/2,1/4,1/4" ],"desc": ".-3.","geom": "point","label": "d","mult": 16 },{ "coord": [ "0,0,0","3/4,3/4,0","3/4,0,3/4","0,3/4,3/4" ],"desc": ".-3.","geom": "point","label": "c","mult": 16 },{ "coord": [ "5/8,5/8,5/8","3/8,3/8,3/8" ],"desc": "23.","geom": "point","label": "b","mult": 8 },{ "coord": [ "1/8,1/8,1/8","7/8,7/8,7/8" ],"desc": "23.","geom": "point","label": "a","mult": 8 } ] } },{ "gen": [ "x,y,z","-x+1,-y+1,z","-x+1,y,-z+1","z,x,y","-x+1/4,-y+1/4,-z+1/4","x,y+1/2,z+1/2","x+1/2,y,z+1/2" ],"gp": [ "x,y,z","-x+505/12,-y+505/12,z","-x+505/12,y,-z+505/12","x,-y+505/12,-z+505/12","z,x,y","z,-x+505/12,-y+505/12","-z+505/12,-x+505/12,y","-z+505/12,x,-y+505/12","y,z,x","-y+505/12,z,-x+505/12","y,-z+505/12,-x+505/12","-y+505/12,-z+505/12,x","-x+124/3,-y+124/3,-z+124/3","x+1/4,y+1/4,-z+124/3","x+1/4,-y+124/3,z+1/4","-x+124/3,y+1/4,z+1/4","-z+124/3,-x+124/3,-y+124/3","-z+124/3,x+1/4,y+1/4","z+1/4,x+1/4,-y+124/3","z+1/4,-x+124/3,y+1/4","-y+124/3,-z+124/3,-x+124/3","y+1/4,-z+124/3,x+1/4","-y+124/3,z+1/4,x+1/4","y+1/4,z+1/4,-x+124/3","x,y+1/2,z+1/2","-x+505/12,-y+499/12,z+1/2","-x+505/12,y+1/2,-z+499/12","x,-y+499/12,-z+499/12","z,x+1/2,y+1/2","z,-x+499/12,-y+499/12","-z+505/12,-x+499/12,y+1/2","-z+505/12,x+1/2,-y+499/12","y,z+1/2,x+1/2","-y+505/12,z+1/2,-x+499/12","y,-z+499/12,-x+499/12","-y+505/12,-z+499/12,x+1/2","-x+124/3,-y+251/6,-z+251/6","x+1/4,y+3/4,-z+251/6","x+1/4,-y+251/6,z+3/4","-x+124/3,y+3/4,z+3/4","-z+124/3,-x+251/6,-y+251/6","-z+124/3,x+3/4,y+3/4","z+1/4,x+3/4,-y+251/6","z+1/4,-x+251/6,y+3/4","-y+124/3,-z+251/6,-x+251/6","y+1/4,-z+251/6,x+3/4","-y+124/3,z+3/4,x+3/4","y+1/4,z+3/4,-x+251/6","x+1/2,y,z+1/2","-x+499/12,-y+505/12,z+1/2","-x+499/12,y,-z+499/12","x+1/2,-y+505/12,-z+499/12","z+1/2,x,y+1/2","z+1/2,-x+505/12,-y+499/12","-z+499/12,-x+505/12,y+1/2","-z+499/12,x,-y+499/12","y+1/2,z,x+1/2","-y+499/12,z,-x+499/12","y+1/2,-z+505/12,-x+499/12","-y+499/12,-z+505/12,x+1/2","-x+251/6,-y+124/3,-z+251/6","x+3/4,y+1/4,-z+251/6","x+3/4,-y+124/3,z+3/4","-x+251/6,y+1/4,z+3/4","-z+251/6,-x+124/3,-y+251/6","-z+251/6,x+1/4,y+3/4","z+3/4,x+1/4,-y+251/6","z+3/4,-x+124/3,y+3/4","-y+251/6,-z+124/3,-x+251/6","y+3/4,-z+124/3,x+3/4","-y+251/6,z+1/4,x+3/4","y+3/4,z+1/4,-x+251/6","x+1/2,y+1/2,z","-x+499/12,-y+499/12,z","-x+499/12,y+1/2,-z+505/12","x+1/2,-y+499/12,-z+505/12","z+1/2,x+1/2,y","z+1/2,-x+499/12,-y+505/12","-z+499/12,-x+499/12,y","-z+499/12,x+1/2,-y+505/12","y+1/2,z+1/2,x","-y+499/12,z+1/2,-x+505/12","y+1/2,-z+499/12,-x+505/12","-y+499/12,-z+499/12,x","-x+251/6,-y+251/6,-z+124/3","x+3/4,y+3/4,-z+124/3","x+3/4,-y+251/6,z+1/4","-x+251/6,y+3/4,z+1/4","-z+251/6,-x+251/6,-y+124/3","-z+251/6,x+3/4,y+1/4","z+3/4,x+3/4,-y+124/3","z+3/4,-x+251/6,y+1/4","-y+251/6,-z+251/6,-x+124/3","y+3/4,-z+251/6,x+1/4","-y+251/6,z+3/4,x+1/4","y+3/4,z+3/4,-x+124/3" ],"id": "Fd-3:1","itaFull": "ita?.","set": 2,"sg": 203,"tm": "a-1/8,b-1/8,c-1/8","u": "F d -3 :1","wpos": { "cent": [ "0,1/2,1/2","1/2,0,1/2","1/2,1/2,0" ],"pos": [ { "desc": "1","geom": "general","label": "g","mult": 96 },{ "coord": [ "x+1/8,1/4,1/4","-x+7/8,3/4,1/4","1/4,x+1/8,1/4","1/4,-x+7/8,3/4","1/4,1/4,x+1/8","3/4,1/4,-x+7/8","-x+1/8,0,0","x+3/8,1/2,0","0,-x+1/8,0","0,x+3/8,1/2","0,0,-x+1/8","1/2,0,x+3/8" ],"desc": "2..","geom": "line","label": "f","mult": 48 },{ "coord": [ "x+1/8,x+1/8,x+1/8","-x+7/8,-x+7/8,x+1/8","-x+7/8,x+1/8,-x+7/8","x+1/8,-x+7/8,-x+7/8","-x+1/8,-x+1/8,-x+1/8","x+3/8,x+3/8,-x+1/8","x+3/8,-x+1/8,x+3/8","-x+1/8,x+3/8,x+3/8" ],"desc": ".3.","geom": "line","label": "e","mult": 32 },{ "coord": [ "5/8,5/8,5/8","3/8,3/8,5/8","3/8,5/8,3/8","5/8,3/8,3/8" ],"desc": ".-3.","geom": "point","label": "d","mult": 16 },{ "coord": [ "1/8,1/8,1/8","7/8,7/8,1/8","7/8,1/8,7/8","1/8,7/8,7/8" ],"desc": ".-3.","geom": "point","label": "c","mult": 16 },{ "coord": [ "3/4,3/4,3/4","1/2,1/2,1/2" ],"desc": "23.","geom": "point","label": "b","mult": 8 },{ "coord": [ "1/4,1/4,1/4","0,0,0" ],"desc": "23.","geom": "point","label": "a","mult": 8 } ] } } ],"n": 2,"sg": 203 }