{ "its": [ { "gen": [ "x,y,z","-x,-y,z","-y+1/2,x+1/2,z+1/2","-x+1/2,y+1/2,-z+1/2","-x,-y,-z" ],"gp": [ "x,y,z","-x,-y,z","-y+1/2,x+1/2,z+1/2","y+1/2,-x+1/2,z+1/2","-x+1/2,y+1/2,-z+1/2","x+1/2,-y+1/2,-z+1/2","y,x,-z","-y,-x,-z","-x,-y,-z","x,y,-z","y+1/2,-x+1/2,-z+1/2","-y+1/2,x+1/2,-z+1/2","x+1/2,-y+1/2,z+1/2","-x+1/2,y+1/2,z+1/2","-y,-x,z","y,x,z" ],"id": "P42/mnm","itaFull": "136","set": 1,"sg": 136,"tm": "a,b,c","u": "P 42/m n m","wpos": { "pos": [ { "desc": "1","geom": "general","label": "k","mult": 16 },{ "coord": [ "x,x,z","-x,-x,z","-x+1/2,x+1/2,z+1/2","x+1/2,-x+1/2,z+1/2","-x+1/2,x+1/2,-z+1/2","x+1/2,-x+1/2,-z+1/2","x,x,-z","-x,-x,-z" ],"desc": "..m","geom": "plane","label": "j","mult": 8 },{ "coord": [ "x,y,0","-x,-y,0","-y+1/2,x+1/2,1/2","y+1/2,-x+1/2,1/2","-x+1/2,y+1/2,1/2","x+1/2,-y+1/2,1/2","y,x,0","-y,-x,0" ],"desc": "m..","geom": "plane","label": "i","mult": 8 },{ "coord": [ "0,1/2,z","0,1/2,z+1/2","1/2,0,-z+1/2","1/2,0,-z","0,1/2,-z","0,1/2,-z+1/2","1/2,0,z+1/2","1/2,0,z" ],"desc": "2..","geom": "line","label": "h","mult": 8 },{ "coord": [ "x,-x,0","-x,x,0","x+1/2,x+1/2,1/2","-x+1/2,-x+1/2,1/2" ],"desc": "m.2 m","geom": "line","label": "g","mult": 4 },{ "coord": [ "x,x,0","-x,-x,0","-x+1/2,x+1/2,1/2","x+1/2,-x+1/2,1/2" ],"desc": "m.2 m","geom": "line","label": "f","mult": 4 },{ "coord": [ "0,0,z","1/2,1/2,z+1/2","1/2,1/2,-z+1/2","0,0,-z" ],"desc": "2.m m","geom": "line","label": "e","mult": 4 },{ "coord": [ "0,1/2,1/4","0,1/2,3/4","1/2,0,1/4","1/2,0,3/4" ],"desc": "-4..","geom": "point","label": "d","mult": 4 },{ "coord": [ "0,1/2,0","0,1/2,1/2","1/2,0,1/2","1/2,0,0" ],"desc": "2/m..","geom": "point","label": "c","mult": 4 },{ "coord": [ "0,0,1/2","1/2,1/2,0" ],"desc": "m.m m","geom": "point","label": "b","mult": 2 },{ "coord": [ "0,0,0","1/2,1/2,1/2" ],"desc": "m.m m","geom": "point","label": "a","mult": 2 } ] } },{ "gen": [ "x,y,z","-x,-y,z","-y,x+1/2,z+1/2","-y,-x+1/2,-z+1/2","-x,-y,-z","x+1/2,y+1/2,z","-x+1/2,-y+1/2,z","-y+1/2,x+1,z+1/2","-y+1/2,-x+1,-z+1/2","-x+1/2,-y+1/2,-z" ],"gp": [ "x,y,z","-x,-y,z","-y,x+1/2,z+1/2","y,-x+1/2,z+1/2","-y,-x+1/2,-z+1/2","y,x+1/2,-z+1/2","-x,y,-z","x,-y,-z","-x,-y,-z","x,y,-z","y,-x+1/2,-z+1/2","-y,x+1/2,-z+1/2","y,x+1/2,z+1/2","-y,-x+1/2,z+1/2","x,-y,z","-x,y,z","x+1/2,y+1/2,z","-x+1/2,-y+1/2,z","-x+1/2,y+1/2,-z","x+1/2,-y+1/2,-z","-x+1/2,-y+1/2,-z","x+1/2,y+1/2,-z","x+1/2,-y+1/2,z","-x+1/2,y+1/2,z" ],"id": "C42/mmg2","itaFull": "ita?.","set": 2,"sg": 136,"tm": "a-b,a+b,c","u": "C 42/m m g2","wpos": { "pos": [ { "desc": "1","geom": "general","label": "k","mult": 16 },{ "coord": [ "0,x,z","0,-x,z","-x,1/2,z+1/2","x,1/2,z+1/2","-x,1/2,-z+1/2","x,1/2,-z+1/2","0,x,-z","0,-x,-z" ],"desc": "..m","geom": "plane","label": "j","mult": 8 },{ "coord": [ "1/2x-1/2y,1/2x+1/2y,0","-1/2x+1/2y,-1/2x-1/2y,0","-1/2x-1/2y,1/2x-1/2y+1/2,1/2","1/2x+1/2y,-1/2x+1/2y+1/2,1/2","-1/2x-1/2y,-1/2x+1/2y+1/2,1/2","1/2x+1/2y,1/2x-1/2y+1/2,1/2","-1/2x+1/2y,1/2x+1/2y,0","1/2x-1/2y,-1/2x-1/2y,0" ],"desc": "m..","geom": "plane","label": "i","mult": 8 },{ "coord": [ "3/4,1/4,z","3/4,1/4,z+1/2","1/4,1/4,-z+1/2","1/4,1/4,-z","3/4,1/4,-z","3/4,1/4,-z+1/2","1/4,1/4,z+1/2","1/4,1/4,z" ],"desc": "2..","geom": "line","label": "h","mult": 8 },{ "coord": [ "x,0,0","-x,0,0","0,x+1/2,1/2","0,-x+1/2,1/2" ],"desc": "m.2 m","geom": "line","label": "g","mult": 4 },{ "coord": [ "0,x,0","0,-x,0","-x,1/2,1/2","x,1/2,1/2" ],"desc": "m.2 m","geom": "line","label": "f","mult": 4 },{ "coord": [ "0,0,z","0,1/2,z+1/2","0,1/2,-z+1/2","0,0,-z" ],"desc": "2.m m","geom": "line","label": "e","mult": 4 },{ "coord": [ "3/4,1/4,1/4","3/4,1/4,3/4","1/4,1/4,1/4","1/4,1/4,3/4" ],"desc": "-4..","geom": "point","label": "d","mult": 4 },{ "coord": [ "3/4,1/4,0","3/4,1/4,1/2","1/4,1/4,1/2","1/4,1/4,0" ],"desc": "2/m..","geom": "point","label": "c","mult": 4 },{ "coord": [ "0,0,1/2","0,1/2,0" ],"desc": "m.m m","geom": "point","label": "b","mult": 2 },{ "coord": [ "0,0,0","0,1/2,1/2" ],"desc": "m.m m","geom": "point","label": "a","mult": 2 } ] } } ],"n": 2,"sg": 136 }