{ "its": [ { "gen": [ "x,y,z","-y,x-y,z+1/3","-y,-x,-z+2/3" ],"gp": [ "x,y,z","-y,x-y,z+1/3","-x+y,-x,z+2/3","-y,-x,-z+2/3","-x+y,y,-z+1/3","x,x-y,-z" ],"id": "P3112","itaFull": "151","set": 1,"sg": 151,"tm": "a,b,c","u": "P 31 1 2","wpos": { "pos": [ { "desc": "1","geom": "general","label": "c","mult": 6 },{ "coord": [ "x,-x,5/6","x,2x,1/6","-2x,-x,1/2" ],"desc": "..2","geom": "line","label": "b","mult": 3 },{ "coord": [ "x,-x,1/3","x,2x,2/3","-2x,-x,0" ],"desc": "..2","geom": "line","label": "a","mult": 3 } ] } } ],"n": 1,"sg": 151 }