{ "its": [ { "gen": [ "x,y,z","-y,x-y,z","-y,-x,-z+1/2","-x,-y,-z" ],"gp": [ "x,y,z","-y,x-y,z","-x+y,-x,z","-y,-x,-z+1/2","-x+y,y,-z+1/2","x,x-y,-z+1/2","-x,-y,-z","y,-x+y,-z","x-y,x,-z","y,x,z+1/2","x-y,-y,z+1/2","-x,-x+y,z+1/2" ],"id": "P-31c","itaFull": "163","set": 1,"sg": 163,"tm": "a,b,c","u": "P -3 1 c","wpos": { "pos": [ { "desc": "1","geom": "general","label": "i","mult": 12 },{ "coord": [ "x,-x,1/4","x,2x,1/4","-2x,-x,1/4","-x,x,3/4","-x,-2x,3/4","2x,x,3/4" ],"desc": "..2","geom": "line","label": "h","mult": 6 },{ "coord": [ "1/2,0,0","0,1/2,0","1/2,1/2,0","0,1/2,1/2","1/2,0,1/2","1/2,1/2,1/2" ],"desc": "-1","geom": "point","label": "g","mult": 6 },{ "coord": [ "1/3,2/3,z","1/3,2/3,-z+1/2","2/3,1/3,-z","2/3,1/3,z+1/2" ],"desc": "3..","geom": "line","label": "f","mult": 4 },{ "coord": [ "0,0,z","0,0,-z+1/2","0,0,-z","0,0,z+1/2" ],"desc": "3..","geom": "line","label": "e","mult": 4 },{ "coord": [ "2/3,1/3,1/4","1/3,2/3,3/4" ],"desc": "3.2","geom": "point","label": "d","mult": 2 },{ "coord": [ "1/3,2/3,1/4","2/3,1/3,3/4" ],"desc": "3.2","geom": "point","label": "c","mult": 2 },{ "coord": [ "0,0,0","0,0,1/2" ],"desc": "-3..","geom": "point","label": "b","mult": 2 },{ "coord": [ "0,0,1/4","0,0,3/4" ],"desc": "3.2","geom": "point","label": "a","mult": 2 } ] } } ],"n": 1,"sg": 163 }